Redirect from,Redirect to
/de/collections/focus-mitts,/de/collections/boxing-focus-mitts-paddles
/es/collections/focus-mitts,/es/collections/boxing-focus-mitts-paddles
/fr/collections/focus-mitts,/fr/collections/boxing-focus-mitts-paddles
/it/collections/focus-mitts,/it/collections/boxing-focus-mitts-paddles
/de/products/winning-boxing-shoes-all-black,/de/products/winning-rs100-boxing-boots-black-us6-12
/es/products/winning-boxing-shoes-all-black,/es/products/winning-rs100-boxing-boots-black-us6-12
/fr/products/winning-boxing-shoes-all-black,/fr/products/winning-rs100-boxing-boots-black-us6-12
/it/products/winning-boxing-shoes-all-black,/it/products/winning-rs100-boxing-boots-black-us6-12
/de/products/winning-boxing-shoes-black-gold,/de/products/winning-short-cut-boxing-boots-metallic-gold-black-us6-12
/es/products/winning-boxing-shoes-black-gold,/es/products/winning-short-cut-boxing-boots-metallic-gold-black-us6-12
/fr/products/winning-boxing-shoes-black-gold,/fr/products/winning-short-cut-boxing-boots-metallic-gold-black-us6-12
/it/products/winning-boxing-shoes-black-gold,/it/products/winning-short-cut-boxing-boots-metallic-gold-black-us6-12
/de/products/nike-hyperko-2-boxing-shoes-blue-black,/de/products/nike-hyperko-2-boxing-shoes-royal-blue-us6-12
/es/products/nike-hyperko-2-boxing-shoes-blue-black,/es/products/nike-hyperko-2-boxing-shoes-royal-blue-us6-12
/fr/products/nike-hyperko-2-boxing-shoes-blue-black,/fr/products/nike-hyperko-2-boxing-shoes-royal-blue-us6-12
/it/products/nike-hyperko-2-boxing-shoes-blue-black,/it/products/nike-hyperko-2-boxing-shoes-royal-blue-us6-12
/de/products/custom-nike-hyperko-boxing-shoes-black-silver,/de/products/nike-hyperko-1-boxing-boots-black-metallic-silver-us6-12
/es/products/custom-nike-hyperko-boxing-shoes-black-silver,/es/products/nike-hyperko-1-boxing-boots-black-metallic-silver-us6-12
/fr/products/custom-nike-hyperko-boxing-shoes-black-silver,/fr/products/nike-hyperko-1-boxing-boots-black-metallic-silver-us6-12
/it/products/custom-nike-hyperko-boxing-shoes-black-silver,/it/products/nike-hyperko-1-boxing-boots-black-metallic-silver-us6-12
/de/products/custom-nike-hyperko-boxing-shoes-white-gold,/de/products/nike-hyperko-1-boxing-shoes-white-gold
/es/products/custom-nike-hyperko-boxing-shoes-white-gold,/es/products/nike-hyperko-1-boxing-shoes-white-gold
/fr/products/custom-nike-hyperko-boxing-shoes-white-gold,/fr/products/nike-hyperko-1-boxing-shoes-white-gold
/it/products/custom-nike-hyperko-boxing-shoes-white-gold,/it/products/nike-hyperko-1-boxing-shoes-white-gold
/de/products/nike-machomai-2-boxing-shoes-black-red,/de/products/nike-tawa-combat-shoes-bright-crimson-black-us6-12
/es/products/nike-machomai-2-boxing-shoes-black-red,/es/products/nike-tawa-combat-shoes-bright-crimson-black-us6-12
/fr/products/nike-machomai-2-boxing-shoes-black-red,/fr/products/nike-tawa-combat-shoes-bright-crimson-black-us6-12
/it/products/nike-machomai-2-boxing-shoes-black-red,/it/products/nike-tawa-combat-shoes-bright-crimson-black-us6-12
/de/products/winning-2-piece-boxing-sparring-set-classic-yellow-8oz-16oz,/de/products/winning-3-piece-boxing-sparring-set-classic-yellow-8oz-16oz
/es/products/winning-2-piece-boxing-sparring-set-classic-yellow-8oz-16oz,/es/products/winning-3-piece-boxing-sparring-set-classic-yellow-8oz-16oz
/fr/products/winning-2-piece-boxing-sparring-set-classic-yellow-8oz-16oz,/fr/products/winning-3-piece-boxing-sparring-set-classic-yellow-8oz-16oz
/it/products/winning-2-piece-boxing-sparring-set-classic-yellow-8oz-16oz,/it/products/winning-3-piece-boxing-sparring-set-classic-yellow-8oz-16oz
/de/products/winning-fg2900-headgear-purple,/de/products/winning-fg2900-boxing-headgear-classic-purple
/es/products/winning-fg2900-headgear-purple,/es/products/winning-fg2900-boxing-headgear-classic-purple
/fr/products/winning-fg2900-headgear-purple,/fr/products/winning-fg2900-boxing-headgear-classic-purple
/it/products/winning-fg2900-headgear-purple,/it/products/winning-fg2900-boxing-headgear-classic-purple
/de/products/winning-japan-professional-boxing-headgear-fg-2900-forest-green-custom-edition,/de/products/winning-fg2900-boxing-headgear-forest-green
/es/products/winning-japan-professional-boxing-headgear-fg-2900-forest-green-custom-edition,/es/products/winning-fg2900-boxing-headgear-forest-green
/fr/products/winning-japan-professional-boxing-headgear-fg-2900-forest-green-custom-edition,/fr/products/winning-fg2900-boxing-headgear-forest-green
/it/products/winning-japan-professional-boxing-headgear-fg-2900-forest-green-custom-edition,/it/products/winning-fg2900-boxing-headgear-forest-green
/de/products/winning-fg2900-headgear-sky-blue,/de/products/winning-fg2900-boxing-headgear-sky-blue
/es/products/winning-fg2900-headgear-sky-blue,/es/products/winning-fg2900-boxing-headgear-sky-blue
/fr/products/winning-fg2900-headgear-sky-blue,/fr/products/winning-fg2900-boxing-headgear-sky-blue
/it/products/winning-fg2900-headgear-sky-blue,/it/products/winning-fg2900-boxing-headgear-sky-blue
/de/products/winning-fg2900-professional-headgear-pink,/de/products/winning-fg2900-boxing-headgear-pink
/es/products/winning-fg2900-professional-headgear-pink,/es/products/winning-fg2900-boxing-headgear-pink
/fr/products/winning-fg2900-professional-headgear-pink,/fr/products/winning-fg2900-boxing-headgear-pink
/it/products/winning-fg2900-professional-headgear-pink,/it/products/winning-fg2900-boxing-headgear-pink
/de/products/winning-fg2900-professional-headgear-orange,/de/products/winning-fg2900-boxing-headgear-orange
/es/products/winning-fg2900-professional-headgear-orange,/es/products/winning-fg2900-boxing-headgear-orange
/fr/products/winning-fg2900-professional-headgear-orange,/fr/products/winning-fg2900-boxing-headgear-orange
/it/products/winning-fg2900-professional-headgear-orange,/it/products/winning-fg2900-boxing-headgear-orange
/de/products/winning-fg2900-headgear-red,/de/products/winning-fg2900-boxing-headgear-classic-red
/es/products/winning-fg2900-headgear-red,/es/products/winning-fg2900-boxing-headgear-classic-red
/fr/products/winning-fg2900-headgear-red,/fr/products/winning-fg2900-boxing-headgear-classic-red
/it/products/winning-fg2900-headgear-red,/it/products/winning-fg2900-boxing-headgear-classic-red
/de/products/winning-fg5000-headgear-white,/de/products/winning-fg5000-boxing-headgear-classic-white
/es/products/winning-fg5000-headgear-white,/es/products/winning-fg5000-boxing-headgear-classic-white
/fr/products/winning-fg5000-headgear-white,/fr/products/winning-fg5000-boxing-headgear-classic-white
/it/products/winning-fg5000-headgear-white,/it/products/winning-fg5000-boxing-headgear-classic-white
/de/products/winning-fg2900-headguard-black,/de/products/winning-fg2900-boxing-headgear-matte-black
/es/products/winning-fg2900-headguard-black,/es/products/winning-fg2900-boxing-headgear-matte-black
/fr/products/winning-fg2900-headguard-black,/fr/products/winning-fg2900-boxing-headgear-matte-black
/it/products/winning-fg2900-headguard-black,/it/products/winning-fg2900-boxing-headgear-matte-black
/de/products/winning-fg2900-custom-metallic-gold-headguard,/de/products/winning-fg2900-boxing-headgear-metallic-gold
/es/products/winning-fg2900-custom-metallic-gold-headguard,/es/products/winning-fg2900-boxing-headgear-metallic-gold
/fr/products/winning-fg2900-custom-metallic-gold-headguard,/fr/products/winning-fg2900-boxing-headgear-metallic-gold
/it/products/winning-fg2900-custom-metallic-gold-headguard,/it/products/winning-fg2900-boxing-headgear-metallic-gold
/de/products/winning-fg-5000-face-saver-headgear-blue-maximum-protection-full-face,/de/products/winning-fg5000-boxing-headgear-royal-blue
/es/products/winning-fg-5000-face-saver-headgear-blue-maximum-protection-full-face,/es/products/winning-fg5000-boxing-headgear-royal-blue
/fr/products/winning-fg-5000-face-saver-headgear-blue-maximum-protection-full-face,/fr/products/winning-fg5000-boxing-headgear-royal-blue
/it/products/winning-fg-5000-face-saver-headgear-blue-maximum-protection-full-face,/it/products/winning-fg5000-boxing-headgear-royal-blue
/de/products/winning-cps500-groin-guard-dark-green,/de/products/winning-cps500-boxing-groin-guard-classic-dark-green
/es/products/winning-cps500-groin-guard-dark-green,/es/products/winning-cps500-boxing-groin-guard-classic-dark-green
/fr/products/winning-cps500-groin-guard-dark-green,/fr/products/winning-cps500-boxing-groin-guard-classic-dark-green
/it/products/winning-cps500-groin-guard-dark-green,/it/products/winning-cps500-boxing-groin-guard-classic-dark-green
/de/products/winning-cps500-professional-groin-guard-purple,/de/products/winning-cps500-boxing-groin-guard-purple
/es/products/winning-cps500-professional-groin-guard-purple,/es/products/winning-cps500-boxing-groin-guard-purple
/fr/products/winning-cps500-professional-groin-guard-purple,/fr/products/winning-cps500-boxing-groin-guard-purple
/it/products/winning-cps500-professional-groin-guard-purple,/it/products/winning-cps500-boxing-groin-guard-purple
/de/products/winning-cps500-groinguard-red,/de/products/winning-cps500-boxing-groin-guard-red
/es/products/winning-cps500-groinguard-red,/es/products/winning-cps500-boxing-groin-guard-red
/fr/products/winning-cps500-groinguard-red,/fr/products/winning-cps500-boxing-groin-guard-red
/it/products/winning-cps500-groinguard-red,/it/products/winning-cps500-boxing-groin-guard-red
/de/products/winning-cps500-groinguard-black,/de/products/winning-cps500-boxing-groin-guard-matte-black
/es/products/winning-cps500-groinguard-black,/es/products/winning-cps500-boxing-groin-guard-matte-black
/fr/products/winning-cps500-groinguard-black,/fr/products/winning-cps500-boxing-groin-guard-matte-black
/it/products/winning-cps500-groinguard-black,/it/products/winning-cps500-boxing-groin-guard-matte-black
/de/products/winning-cps500-groinguard-white,/de/products/winning-cps500-boxing-groin-guard-crisp-white
/es/products/winning-cps500-groinguard-white,/es/products/winning-cps500-boxing-groin-guard-crisp-white
/fr/products/winning-cps500-groinguard-white,/fr/products/winning-cps500-boxing-groin-guard-crisp-white
/it/products/winning-cps500-groinguard-white,/it/products/winning-cps500-boxing-groin-guard-crisp-white
/de/products/winning-cps500-groinguard-blue,/de/products/winning-cps500-boxing-groin-guard-royal-blue
/es/products/winning-cps500-groinguard-blue,/es/products/winning-cps500-boxing-groin-guard-royal-blue
/fr/products/winning-cps500-groinguard-blue,/fr/products/winning-cps500-boxing-groin-guard-royal-blue
/it/products/winning-cps500-groinguard-blue,/it/products/winning-cps500-boxing-groin-guard-royal-blue
/de/products/winning-cps500-custom-metallic-gold-groinguard,/de/products/winning-cps500-boxing-groin-guard-metallic-gold
/es/products/winning-cps500-custom-metallic-gold-groinguard,/es/products/winning-cps500-boxing-groin-guard-metallic-gold
/fr/products/winning-cps500-custom-metallic-gold-groinguard,/fr/products/winning-cps500-boxing-groin-guard-metallic-gold
/it/products/winning-cps500-custom-metallic-gold-groinguard,/it/products/winning-cps500-boxing-groin-guard-metallic-gold
/de/products/winning-cps500-custom-orange-groinguard,/de/products/winning-cps500-boxing-groin-guard-vibrant-orange
/es/products/winning-cps500-custom-orange-groinguard,/es/products/winning-cps500-boxing-groin-guard-vibrant-orange
/fr/products/winning-cps500-custom-orange-groinguard,/fr/products/winning-cps500-boxing-groin-guard-vibrant-orange
/it/products/winning-cps500-custom-orange-groinguard,/it/products/winning-cps500-boxing-groin-guard-vibrant-orange
/de/products/winning-cps500-custom-pink-groinguard,/de/products/winning-cps500-boxing-groin-guard-pink
/es/products/winning-cps500-custom-pink-groinguard,/es/products/winning-cps500-boxing-groin-guard-pink
/fr/products/winning-cps500-custom-pink-groinguard,/fr/products/winning-cps500-boxing-groin-guard-pink
/it/products/winning-cps500-custom-pink-groinguard,/it/products/winning-cps500-boxing-groin-guard-pink
/de/products/winning-cps500-custom-gray-groinguard,/de/products/winning-cps500-boxing-groin-guard-slate-gray
/es/products/winning-cps500-custom-gray-groinguard,/es/products/winning-cps500-boxing-groin-guard-slate-gray
/fr/products/winning-cps500-custom-gray-groinguard,/fr/products/winning-cps500-boxing-groin-guard-slate-gray
/it/products/winning-cps500-custom-gray-groinguard,/it/products/winning-cps500-boxing-groin-guard-slate-gray
/de/products/cleto-reyes-official-3-piece-sparring-set-classic-black,/de/products/cleto-reyes-classic-black-sparring-package-6oz-16oz
/es/products/cleto-reyes-official-3-piece-sparring-set-classic-black,/es/products/cleto-reyes-classic-black-sparring-package-6oz-16oz
/fr/products/cleto-reyes-official-3-piece-sparring-set-classic-black,/fr/products/cleto-reyes-classic-black-sparring-package-6oz-16oz
/it/products/cleto-reyes-official-3-piece-sparring-set-classic-black,/it/products/cleto-reyes-classic-black-sparring-package-6oz-16oz
/de/products/cleto-reyes-official-3-piece-sparring-set-royal-blue,/de/products/cleto-reyes-3-piece-sparring-set-royal-blue-8oz-16oz
/es/products/cleto-reyes-official-3-piece-sparring-set-royal-blue,/es/products/cleto-reyes-3-piece-sparring-set-royal-blue-8oz-16oz
/fr/products/cleto-reyes-official-3-piece-sparring-set-royal-blue,/fr/products/cleto-reyes-3-piece-sparring-set-royal-blue-8oz-16oz
/it/products/cleto-reyes-official-3-piece-sparring-set-royal-blue,/it/products/cleto-reyes-3-piece-sparring-set-royal-blue-8oz-16oz
/de/products/cleto-reyes-official-3-piece-sparring-set-classic-red,/de/products/cleto-reyes-3-piece-sparring-set-classic-red-8oz-16oz
/es/products/cleto-reyes-official-3-piece-sparring-set-classic-red,/es/products/cleto-reyes-3-piece-sparring-set-classic-red-8oz-16oz
/fr/products/cleto-reyes-official-3-piece-sparring-set-classic-red,/fr/products/cleto-reyes-3-piece-sparring-set-classic-red-8oz-16oz
/it/products/cleto-reyes-official-3-piece-sparring-set-classic-red,/it/products/cleto-reyes-3-piece-sparring-set-classic-red-8oz-16oz
/de/products/cleto-reyes-official-3-piece-sparring-set-mexican-yellow,/de/products/cleto-reyes-3-piece-sparring-set-bright-yellow
/es/products/cleto-reyes-official-3-piece-sparring-set-mexican-yellow,/es/products/cleto-reyes-3-piece-sparring-set-bright-yellow
/fr/products/cleto-reyes-official-3-piece-sparring-set-mexican-yellow,/fr/products/cleto-reyes-3-piece-sparring-set-bright-yellow
/it/products/cleto-reyes-official-3-piece-sparring-set-mexican-yellow,/it/products/cleto-reyes-3-piece-sparring-set-bright-yellow
/de/products/cleto-reyes-official-3-piece-sparring-set-lime-green,/de/products/cleto-reyes-lime-green-sparring-bundle-6oz-16oz
/es/products/cleto-reyes-official-3-piece-sparring-set-lime-green,/es/products/cleto-reyes-lime-green-sparring-bundle-6oz-16oz
/fr/products/cleto-reyes-official-3-piece-sparring-set-lime-green,/fr/products/cleto-reyes-lime-green-sparring-bundle-6oz-16oz
/it/products/cleto-reyes-official-3-piece-sparring-set-lime-green,/it/products/cleto-reyes-lime-green-sparring-bundle-6oz-16oz
/de/products/cleto-reyes-official-3-piece-sparring-set-classic-white,/de/products/cleto-reyes-classic-white-fight-set-6oz-16oz
/es/products/cleto-reyes-official-3-piece-sparring-set-classic-white,/es/products/cleto-reyes-classic-white-fight-set-6oz-16oz
/fr/products/cleto-reyes-official-3-piece-sparring-set-classic-white,/fr/products/cleto-reyes-classic-white-fight-set-6oz-16oz
/it/products/cleto-reyes-official-3-piece-sparring-set-classic-white,/it/products/cleto-reyes-classic-white-fight-set-6oz-16oz
/de/products/cleto-reyes-official-3-piece-sparring-set-hot-pink,/de/products/cleto-reyes-3-piece-sparring-set-hot-pink-8oz-16oz
/es/products/cleto-reyes-official-3-piece-sparring-set-hot-pink,/es/products/cleto-reyes-3-piece-sparring-set-hot-pink-8oz-16oz
/fr/products/cleto-reyes-official-3-piece-sparring-set-hot-pink,/fr/products/cleto-reyes-3-piece-sparring-set-hot-pink-8oz-16oz
/it/products/cleto-reyes-official-3-piece-sparring-set-hot-pink,/it/products/cleto-reyes-3-piece-sparring-set-hot-pink-8oz-16oz
/de/products/cleto-reyes-official-3-piece-sparring-set-brown,/de/products/cleto-reyes-3-piece-sparring-set-leather-brown-8oz-16oz
/es/products/cleto-reyes-official-3-piece-sparring-set-brown,/es/products/cleto-reyes-3-piece-sparring-set-leather-brown-8oz-16oz
/fr/products/cleto-reyes-official-3-piece-sparring-set-brown,/fr/products/cleto-reyes-3-piece-sparring-set-leather-brown-8oz-16oz
/it/products/cleto-reyes-official-3-piece-sparring-set-brown,/it/products/cleto-reyes-3-piece-sparring-set-leather-brown-8oz-16oz
/de/products/cleto-reyes-official-3-piece-sparring-set-chocolate-brown,/de/products/cleto-reyes-3-piece-sparring-set-classic-chocolate-brown-8oz-16oz
/es/products/cleto-reyes-official-3-piece-sparring-set-chocolate-brown,/es/products/cleto-reyes-3-piece-sparring-set-classic-chocolate-brown-8oz-16oz
/fr/products/cleto-reyes-official-3-piece-sparring-set-chocolate-brown,/fr/products/cleto-reyes-3-piece-sparring-set-classic-chocolate-brown-8oz-16oz
/it/products/cleto-reyes-official-3-piece-sparring-set-chocolate-brown,/it/products/cleto-reyes-3-piece-sparring-set-classic-chocolate-brown-8oz-16oz
/de/products/cleto-reyes-official-3-piece-sparring-set-royal-purple,/de/products/cleto-reyes-royal-purple-boxing-kit-6oz-16oz
/es/products/cleto-reyes-official-3-piece-sparring-set-royal-purple,/es/products/cleto-reyes-royal-purple-boxing-kit-6oz-16oz
/fr/products/cleto-reyes-official-3-piece-sparring-set-royal-purple,/fr/products/cleto-reyes-royal-purple-boxing-kit-6oz-16oz
/it/products/cleto-reyes-official-3-piece-sparring-set-royal-purple,/it/products/cleto-reyes-royal-purple-boxing-kit-6oz-16oz
/de/products/cleto-reyes-official-3-piece-sparring-set-pure-silver,/de/products/cleto-reyes-3-piece-sparring-set-pure-silver-8oz-16oz
/es/products/cleto-reyes-official-3-piece-sparring-set-pure-silver,/es/products/cleto-reyes-3-piece-sparring-set-pure-silver-8oz-16oz
/fr/products/cleto-reyes-official-3-piece-sparring-set-pure-silver,/fr/products/cleto-reyes-3-piece-sparring-set-pure-silver-8oz-16oz
/it/products/cleto-reyes-official-3-piece-sparring-set-pure-silver,/it/products/cleto-reyes-3-piece-sparring-set-pure-silver-8oz-16oz
/de/products/cleto-reyes-official-3-piece-sparring-set-slate-gray,/de/products/cleto-reyes-slate-gray-sparring-kit-6oz-16oz
/es/products/cleto-reyes-official-3-piece-sparring-set-slate-gray,/es/products/cleto-reyes-slate-gray-sparring-kit-6oz-16oz
/fr/products/cleto-reyes-official-3-piece-sparring-set-slate-gray,/fr/products/cleto-reyes-slate-gray-sparring-kit-6oz-16oz
/it/products/cleto-reyes-official-3-piece-sparring-set-slate-gray,/it/products/cleto-reyes-slate-gray-sparring-kit-6oz-16oz
/de/products/cleto-reyes-official-hook-and-loop-training-boxing-gloves-black-metallic-silver,/de/products/cleto-reyes-black-metallic-silver-boxing-gloves-8oz-16oz
/es/products/cleto-reyes-official-hook-and-loop-training-boxing-gloves-black-metallic-silver,/es/products/cleto-reyes-black-metallic-silver-boxing-gloves-8oz-16oz
/fr/products/cleto-reyes-official-hook-and-loop-training-boxing-gloves-black-metallic-silver,/fr/products/cleto-reyes-black-metallic-silver-boxing-gloves-8oz-16oz
/it/products/cleto-reyes-official-hook-and-loop-training-boxing-gloves-black-metallic-silver,/it/products/cleto-reyes-black-metallic-silver-boxing-gloves-8oz-16oz
/de/products/cleto-reyes-official-hook-and-loop-training-boxing-gloves-metallic-blue-gold,/de/products/cleto-reyes-metallic-blue-gold-boxing-gloves-8oz-16oz
/es/products/cleto-reyes-official-hook-and-loop-training-boxing-gloves-metallic-blue-gold,/es/products/cleto-reyes-metallic-blue-gold-boxing-gloves-8oz-16oz
/fr/products/cleto-reyes-official-hook-and-loop-training-boxing-gloves-metallic-blue-gold,/fr/products/cleto-reyes-metallic-blue-gold-boxing-gloves-8oz-16oz
/it/products/cleto-reyes-official-hook-and-loop-training-boxing-gloves-metallic-blue-gold,/it/products/cleto-reyes-metallic-blue-gold-boxing-gloves-8oz-16oz
/de/products/cleto-reyes-official-lace-up-training-boxing-gloves-lime-green,/de/products/cleto-reyes-lime-green-boxing-gloves-8oz-16oz
/es/products/cleto-reyes-official-lace-up-training-boxing-gloves-lime-green,/es/products/cleto-reyes-lime-green-boxing-gloves-8oz-16oz
/fr/products/cleto-reyes-official-lace-up-training-boxing-gloves-lime-green,/fr/products/cleto-reyes-lime-green-boxing-gloves-8oz-16oz
/it/products/cleto-reyes-official-lace-up-training-boxing-gloves-lime-green,/it/products/cleto-reyes-lime-green-boxing-gloves-8oz-16oz
/de/products/cleto-reyes-hook-and-loop-training-boxing-gloves-limited-edition-python-silver-black,/de/products/cleto-reyes-limited-edition-python-silver-black-boxing-gloves-8oz-16oz
/es/products/cleto-reyes-hook-and-loop-training-boxing-gloves-limited-edition-python-silver-black,/es/products/cleto-reyes-limited-edition-python-silver-black-boxing-gloves-8oz-16oz
/fr/products/cleto-reyes-hook-and-loop-training-boxing-gloves-limited-edition-python-silver-black,/fr/products/cleto-reyes-limited-edition-python-silver-black-boxing-gloves-8oz-16oz
/it/products/cleto-reyes-hook-and-loop-training-boxing-gloves-limited-edition-python-silver-black,/it/products/cleto-reyes-limited-edition-python-silver-black-boxing-gloves-8oz-16oz
/de/products/cleto-reyes-official-hook-and-loop-training-boxing-gloves-metallic-green-gold,/de/products/cleto-reyes-metallic-green-gold-boxing-gloves-8oz-16oz
/es/products/cleto-reyes-official-hook-and-loop-training-boxing-gloves-metallic-green-gold,/es/products/cleto-reyes-metallic-green-gold-boxing-gloves-8oz-16oz
/fr/products/cleto-reyes-official-hook-and-loop-training-boxing-gloves-metallic-green-gold,/fr/products/cleto-reyes-metallic-green-gold-boxing-gloves-8oz-16oz
/it/products/cleto-reyes-official-hook-and-loop-training-boxing-gloves-metallic-green-gold,/it/products/cleto-reyes-metallic-green-gold-boxing-gloves-8oz-16oz
/de/products/cleto-reyes-official-hook-and-loop-training-boxing-gloves-purple-metallic,/de/products/cleto-reyes-purple-metallic-boxing-gloves-8oz-16oz
/es/products/cleto-reyes-official-hook-and-loop-training-boxing-gloves-purple-metallic,/es/products/cleto-reyes-purple-metallic-boxing-gloves-8oz-16oz
/fr/products/cleto-reyes-official-hook-and-loop-training-boxing-gloves-purple-metallic,/fr/products/cleto-reyes-purple-metallic-boxing-gloves-8oz-16oz
/it/products/cleto-reyes-official-hook-and-loop-training-boxing-gloves-purple-metallic,/it/products/cleto-reyes-purple-metallic-boxing-gloves-8oz-16oz
/de/products/cleto-reyes-official-hook-and-loop-training-boxing-gloves-pink-metallic,/de/products/cleto-reyes-pink-metallic-boxing-gloves-8oz-16oz
/es/products/cleto-reyes-official-hook-and-loop-training-boxing-gloves-pink-metallic,/es/products/cleto-reyes-pink-metallic-boxing-gloves-8oz-16oz
/fr/products/cleto-reyes-official-hook-and-loop-training-boxing-gloves-pink-metallic,/fr/products/cleto-reyes-pink-metallic-boxing-gloves-8oz-16oz
/it/products/cleto-reyes-official-hook-and-loop-training-boxing-gloves-pink-metallic,/it/products/cleto-reyes-pink-metallic-boxing-gloves-8oz-16oz
/de/products/cleto-reyes-official-hook-and-loop-training-boxing-gloves-white,/de/products/cleto-reyes-white-boxing-gloves-8oz-16oz
/es/products/cleto-reyes-official-hook-and-loop-training-boxing-gloves-white,/es/products/cleto-reyes-white-boxing-gloves-8oz-16oz
/fr/products/cleto-reyes-official-hook-and-loop-training-boxing-gloves-white,/fr/products/cleto-reyes-white-boxing-gloves-8oz-16oz
/it/products/cleto-reyes-official-hook-and-loop-training-boxing-gloves-white,/it/products/cleto-reyes-white-boxing-gloves-8oz-16oz
/de/products/cleto-reyes-official-hook-and-loop-training-boxing-gloves-silver-metallic,/de/products/cleto-reyes-silver-metallic-boxing-gloves-8oz-16oz
/es/products/cleto-reyes-official-hook-and-loop-training-boxing-gloves-silver-metallic,/es/products/cleto-reyes-silver-metallic-boxing-gloves-8oz-16oz
/fr/products/cleto-reyes-official-hook-and-loop-training-boxing-gloves-silver-metallic,/fr/products/cleto-reyes-silver-metallic-boxing-gloves-8oz-16oz
/it/products/cleto-reyes-official-hook-and-loop-training-boxing-gloves-silver-metallic,/it/products/cleto-reyes-silver-metallic-boxing-gloves-8oz-16oz
/de/products/cleto-reyes-official-lace-up-training-boxing-gloves-yellow,/de/products/cleto-reyes-yellow-boxing-gloves-8oz-16oz
/es/products/cleto-reyes-official-lace-up-training-boxing-gloves-yellow,/es/products/cleto-reyes-yellow-boxing-gloves-8oz-16oz
/fr/products/cleto-reyes-official-lace-up-training-boxing-gloves-yellow,/fr/products/cleto-reyes-yellow-boxing-gloves-8oz-16oz
/it/products/cleto-reyes-official-lace-up-training-boxing-gloves-yellow,/it/products/cleto-reyes-yellow-boxing-gloves-8oz-16oz
/de/products/cleto-reyes-official-lace-up-boxing-gloves-gold-metallic,/de/products/cleto-reyes-gold-metallic-boxing-gloves-8oz-16oz
/es/products/cleto-reyes-official-lace-up-boxing-gloves-gold-metallic,/es/products/cleto-reyes-gold-metallic-boxing-gloves-8oz-16oz
/fr/products/cleto-reyes-official-lace-up-boxing-gloves-gold-metallic,/fr/products/cleto-reyes-gold-metallic-boxing-gloves-8oz-16oz
/it/products/cleto-reyes-official-lace-up-boxing-gloves-gold-metallic,/it/products/cleto-reyes-gold-metallic-boxing-gloves-8oz-16oz
/de/products/cleto-reyes-official-lace-up-boxing-gloves-red,/de/products/cleto-reyes-red-boxing-gloves-8oz-16oz
/es/products/cleto-reyes-official-lace-up-boxing-gloves-red,/es/products/cleto-reyes-red-boxing-gloves-8oz-16oz
/fr/products/cleto-reyes-official-lace-up-boxing-gloves-red,/fr/products/cleto-reyes-red-boxing-gloves-8oz-16oz
/it/products/cleto-reyes-official-lace-up-boxing-gloves-red,/it/products/cleto-reyes-red-boxing-gloves-8oz-16oz
/de/products/cleto-reyes-official-lace-up-training-boxing-gloves-royal-blue,/de/products/cleto-reyes-royal-blue-boxing-gloves-8oz-16oz
/es/products/cleto-reyes-official-lace-up-training-boxing-gloves-royal-blue,/es/products/cleto-reyes-royal-blue-boxing-gloves-8oz-16oz
/fr/products/cleto-reyes-official-lace-up-training-boxing-gloves-royal-blue,/fr/products/cleto-reyes-royal-blue-boxing-gloves-8oz-16oz
/it/products/cleto-reyes-official-lace-up-training-boxing-gloves-royal-blue,/it/products/cleto-reyes-royal-blue-boxing-gloves-8oz-16oz
/de/products/cleto-reyes-official-lace-up-training-boxing-gloves-black,/de/products/cleto-reyes-black-boxing-gloves-8oz-16oz
/es/products/cleto-reyes-official-lace-up-training-boxing-gloves-black,/es/products/cleto-reyes-black-boxing-gloves-8oz-16oz
/fr/products/cleto-reyes-official-lace-up-training-boxing-gloves-black,/fr/products/cleto-reyes-black-boxing-gloves-8oz-16oz
/it/products/cleto-reyes-official-lace-up-training-boxing-gloves-black,/it/products/cleto-reyes-black-boxing-gloves-8oz-16oz
/de/products/cleto-reyes-official-elastic-band-training-boxing-gloves-gold-metallic,/de/products/cleto-reyes-gold-metallic-elastic-boxing-gloves-8oz-16oz
/es/products/cleto-reyes-official-elastic-band-training-boxing-gloves-gold-metallic,/es/products/cleto-reyes-gold-metallic-elastic-boxing-gloves-8oz-16oz
/fr/products/cleto-reyes-official-elastic-band-training-boxing-gloves-gold-metallic,/fr/products/cleto-reyes-gold-metallic-elastic-boxing-gloves-8oz-16oz
/it/products/cleto-reyes-official-elastic-band-training-boxing-gloves-gold-metallic,/it/products/cleto-reyes-gold-metallic-elastic-boxing-gloves-8oz-16oz
/de/products/cleto-reyes-official-hook-and-loop-training-boxing-gloves-white-metallic-gold,/de/products/cleto-reyes-white-gold-metallic-boxing-gloves-8oz-16oz
/es/products/cleto-reyes-official-hook-and-loop-training-boxing-gloves-white-metallic-gold,/es/products/cleto-reyes-white-gold-metallic-boxing-gloves-8oz-16oz
/fr/products/cleto-reyes-official-hook-and-loop-training-boxing-gloves-white-metallic-gold,/fr/products/cleto-reyes-white-gold-metallic-boxing-gloves-8oz-16oz
/it/products/cleto-reyes-official-hook-and-loop-training-boxing-gloves-white-metallic-gold,/it/products/cleto-reyes-white-gold-metallic-boxing-gloves-8oz-16oz
/de/products/cleto-reyes-hook-and-loop-training-boxing-gloves-80th-anniversary-black-gold,/de/products/cleto-reyes-black-gold-metallic-boxing-gloves-8oz-16oz
/es/products/cleto-reyes-hook-and-loop-training-boxing-gloves-80th-anniversary-black-gold,/es/products/cleto-reyes-black-gold-metallic-boxing-gloves-8oz-16oz
/fr/products/cleto-reyes-hook-and-loop-training-boxing-gloves-80th-anniversary-black-gold,/fr/products/cleto-reyes-black-gold-metallic-boxing-gloves-8oz-16oz
/it/products/cleto-reyes-hook-and-loop-training-boxing-gloves-80th-anniversary-black-gold,/it/products/cleto-reyes-black-gold-metallic-boxing-gloves-8oz-16oz
/de/products/cleto-reyes-official-lace-up-training-boxing-gloves-gold-metallic,/de/products/cleto-reyes-gold-metallic-boxing-gloves-8oz-16oz
/es/products/cleto-reyes-official-lace-up-training-boxing-gloves-gold-metallic,/es/products/cleto-reyes-gold-metallic-boxing-gloves-8oz-16oz
/fr/products/cleto-reyes-official-lace-up-training-boxing-gloves-gold-metallic,/fr/products/cleto-reyes-gold-metallic-boxing-gloves-8oz-16oz
/it/products/cleto-reyes-official-lace-up-training-boxing-gloves-gold-metallic,/it/products/cleto-reyes-gold-metallic-boxing-gloves-8oz-16oz
/de/products/cleto-reyes-official-lace-up-training-boxing-gloves-red,/de/products/cleto-reyes-red-boxing-gloves-8oz-16oz
/es/products/cleto-reyes-official-lace-up-training-boxing-gloves-red,/es/products/cleto-reyes-red-boxing-gloves-8oz-16oz
/fr/products/cleto-reyes-official-lace-up-training-boxing-gloves-red,/fr/products/cleto-reyes-red-boxing-gloves-8oz-16oz
/it/products/cleto-reyes-official-lace-up-training-boxing-gloves-red,/it/products/cleto-reyes-red-boxing-gloves-8oz-16oz
/de/products/cleto-reyes-official-lace-up-training-boxing-gloves-purple-metallic,/de/products/cleto-reyes-purple-metallic-boxing-gloves-8oz-16oz
/es/products/cleto-reyes-official-lace-up-training-boxing-gloves-purple-metallic,/es/products/cleto-reyes-purple-metallic-boxing-gloves-8oz-16oz
/fr/products/cleto-reyes-official-lace-up-training-boxing-gloves-purple-metallic,/fr/products/cleto-reyes-purple-metallic-boxing-gloves-8oz-16oz
/it/products/cleto-reyes-official-lace-up-training-boxing-gloves-purple-metallic,/it/products/cleto-reyes-purple-metallic-boxing-gloves-8oz-16oz
/de/products/cleto-reyes-official-hook-and-loop-training-boxing-gloves-satin-black-metallic,/de/products/cleto-reyes-black-metallic-silver-boxing-gloves-8oz-16oz
/es/products/cleto-reyes-official-hook-and-loop-training-boxing-gloves-satin-black-metallic,/es/products/cleto-reyes-black-metallic-silver-boxing-gloves-8oz-16oz
/fr/products/cleto-reyes-official-hook-and-loop-training-boxing-gloves-satin-black-metallic,/fr/products/cleto-reyes-black-metallic-silver-boxing-gloves-8oz-16oz
/it/products/cleto-reyes-official-hook-and-loop-training-boxing-gloves-satin-black-metallic,/it/products/cleto-reyes-black-metallic-silver-boxing-gloves-8oz-16oz
/de/products/cleto-reyes-official-3-piece-sparring-set-limited-edition-multi-color-paint-splatter,/de/collections/cleto-reyes-boxing-sets
/es/products/cleto-reyes-official-3-piece-sparring-set-limited-edition-multi-color-paint-splatter,/es/collections/cleto-reyes-boxing-sets
/fr/products/cleto-reyes-official-3-piece-sparring-set-limited-edition-multi-color-paint-splatter,/fr/collections/cleto-reyes-boxing-sets
/it/products/cleto-reyes-official-3-piece-sparring-set-limited-edition-multi-color-paint-splatter,/it/collections/cleto-reyes-boxing-sets
/de/products/cleto-reyes-official-3-piece-sparring-set-khaki-tan,/de/collections/cleto-reyes-boxing-sets
/es/products/cleto-reyes-official-3-piece-sparring-set-khaki-tan,/es/collections/cleto-reyes-boxing-sets
/fr/products/cleto-reyes-official-3-piece-sparring-set-khaki-tan,/fr/collections/cleto-reyes-boxing-sets
/it/products/cleto-reyes-official-3-piece-sparring-set-khaki-tan,/it/collections/cleto-reyes-boxing-sets
/de/products/cleto-reyes-official-3-piece-sparring-set-military-camouflage,/de/collections/cleto-reyes-boxing-sets
/es/products/cleto-reyes-official-3-piece-sparring-set-military-camouflage,/es/collections/cleto-reyes-boxing-sets
/fr/products/cleto-reyes-official-3-piece-sparring-set-military-camouflage,/fr/collections/cleto-reyes-boxing-sets
/it/products/cleto-reyes-official-3-piece-sparring-set-military-camouflage,/it/collections/cleto-reyes-boxing-sets
/de/products/cleto-reyes-hook-and-loop-training-boxing-gloves-limited-edition-aztec-quetzalcoatl-white,/de/collections/cleto-reyes-boxing-gloves
/es/products/cleto-reyes-hook-and-loop-training-boxing-gloves-limited-edition-aztec-quetzalcoatl-white,/es/collections/cleto-reyes-boxing-gloves
/fr/products/cleto-reyes-hook-and-loop-training-boxing-gloves-limited-edition-aztec-quetzalcoatl-white,/fr/collections/cleto-reyes-boxing-gloves
/it/products/cleto-reyes-hook-and-loop-training-boxing-gloves-limited-edition-aztec-quetzalcoatl-white,/it/collections/cleto-reyes-boxing-gloves
/de/products/cleto-reyes-hook-and-loop-training-boxing-gloves-limited-edition-mexican-flag-white,/de/collections/cleto-reyes-boxing-gloves
/es/products/cleto-reyes-hook-and-loop-training-boxing-gloves-limited-edition-mexican-flag-white,/es/collections/cleto-reyes-boxing-gloves
/fr/products/cleto-reyes-hook-and-loop-training-boxing-gloves-limited-edition-mexican-flag-white,/fr/collections/cleto-reyes-boxing-gloves
/it/products/cleto-reyes-hook-and-loop-training-boxing-gloves-limited-edition-mexican-flag-white,/it/collections/cleto-reyes-boxing-gloves
/de/products/cleto-reyes-hook-and-loop-training-boxing-gloves-80th-anniversary-red-gold,/de/collections/cleto-reyes-boxing-gloves
/es/products/cleto-reyes-hook-and-loop-training-boxing-gloves-80th-anniversary-red-gold,/es/collections/cleto-reyes-boxing-gloves
/fr/products/cleto-reyes-hook-and-loop-training-boxing-gloves-80th-anniversary-red-gold,/fr/collections/cleto-reyes-boxing-gloves
/it/products/cleto-reyes-hook-and-loop-training-boxing-gloves-80th-anniversary-red-gold,/it/collections/cleto-reyes-boxing-gloves
/de/products/winning-custom-3-piece-sparring-set-orange-black,/de/collections/winning-boxing-sets
/es/products/winning-custom-3-piece-sparring-set-orange-black,/es/collections/winning-boxing-sets
/fr/products/winning-custom-3-piece-sparring-set-orange-black,/fr/collections/winning-boxing-sets
/it/products/winning-custom-3-piece-sparring-set-orange-black,/it/collections/winning-boxing-sets
/de/products/custom-spider-pro-boxing-set,/de/collections/boxing-sets
/es/products/custom-spider-pro-boxing-set,/es/collections/boxing-sets
/fr/products/custom-spider-pro-boxing-set,/fr/collections/boxing-sets
/it/products/custom-spider-pro-boxing-set,/it/collections/boxing-sets
/de/products/custom-skeleton-pro-boxing-set,/de/collections/boxing-sets
/es/products/custom-skeleton-pro-boxing-set,/es/collections/boxing-sets
/fr/products/custom-skeleton-pro-boxing-set,/fr/collections/boxing-sets
/it/products/custom-skeleton-pro-boxing-set,/it/collections/boxing-sets
/de/products/custom-panther-pro-boxing-set,/de/collections/boxing-sets
/es/products/custom-panther-pro-boxing-set,/es/collections/boxing-sets
/fr/products/custom-panther-pro-boxing-set,/fr/collections/boxing-sets
/it/products/custom-panther-pro-boxing-set,/it/collections/boxing-sets
/de/products/custom-venom-pro-boxing-set,/de/collections/boxing-sets
/es/products/custom-venom-pro-boxing-set,/es/collections/boxing-sets
/fr/products/custom-venom-pro-boxing-set,/fr/collections/boxing-sets
/it/products/custom-venom-pro-boxing-set,/it/collections/boxing-sets
/de/products/custom-joker-pro-boxing-set,/de/collections/boxing-sets
/es/products/custom-joker-pro-boxing-set,/es/collections/boxing-sets
/fr/products/custom-joker-pro-boxing-set,/fr/collections/boxing-sets
/it/products/custom-joker-pro-boxing-set,/it/collections/boxing-sets
/de/products/winning-boxing-set-gold-black,/de/collections/winning-boxing-sets
/es/products/winning-boxing-set-gold-black,/es/collections/winning-boxing-sets
/fr/products/winning-boxing-set-gold-black,/fr/collections/winning-boxing-sets
/it/products/winning-boxing-set-gold-black,/it/collections/winning-boxing-sets
/de/products/custom-mystery-machine-boxing-set,/de/collections/boxing-sets
/es/products/custom-mystery-machine-boxing-set,/es/collections/boxing-sets
/fr/products/custom-mystery-machine-boxing-set,/fr/collections/boxing-sets
/it/products/custom-mystery-machine-boxing-set,/it/collections/boxing-sets
/de/products/winning-professional-boxing-set-gold-maroon-custom,/de/collections/winning-boxing-sets
/es/products/winning-professional-boxing-set-gold-maroon-custom,/es/collections/winning-boxing-sets
/fr/products/winning-professional-boxing-set-gold-maroon-custom,/fr/collections/winning-boxing-sets
/it/products/winning-professional-boxing-set-gold-maroon-custom,/it/collections/winning-boxing-sets
/de/products/no-boxing-no-life-professional-set-metallic-red-black,/de/collections/no-boxing-no-life-sets
/es/products/no-boxing-no-life-professional-set-metallic-red-black,/es/collections/no-boxing-no-life-sets
/fr/products/no-boxing-no-life-professional-set-metallic-red-black,/fr/collections/no-boxing-no-life-sets
/it/products/no-boxing-no-life-professional-set-metallic-red-black,/it/collections/no-boxing-no-life-sets
/de/products/winning-professional-sparring-set-black-yellow-custom,/de/collections/winning-boxing-sets
/es/products/winning-professional-sparring-set-black-yellow-custom,/es/collections/winning-boxing-sets
/fr/products/winning-professional-sparring-set-black-yellow-custom,/fr/collections/winning-boxing-sets
/it/products/winning-professional-sparring-set-black-yellow-custom,/it/collections/winning-boxing-sets
/de/products/winning-custom-sparring-set-pink-ms600-fg2900,/de/collections/winning-boxing-sets
/es/products/winning-custom-sparring-set-pink-ms600-fg2900,/es/collections/winning-boxing-sets
/fr/products/winning-custom-sparring-set-pink-ms600-fg2900,/fr/collections/winning-boxing-sets
/it/products/winning-custom-sparring-set-pink-ms600-fg2900,/it/collections/winning-boxing-sets
/de/products/winning-ms600-custom-sparring-set-black-white-floral-pattern-ms600-fg2900-cps500,/de/collections/winning-boxing-sets
/es/products/winning-ms600-custom-sparring-set-black-white-floral-pattern-ms600-fg2900-cps500,/es/collections/winning-boxing-sets
/fr/products/winning-ms600-custom-sparring-set-black-white-floral-pattern-ms600-fg2900-cps500,/fr/collections/winning-boxing-sets
/it/products/winning-ms600-custom-sparring-set-black-white-floral-pattern-ms600-fg2900-cps500,/it/collections/winning-boxing-sets
/de/products/winning-custom-cross-patch-sparring-set,/de/collections/winning-boxing-sets
/es/products/winning-custom-cross-patch-sparring-set,/es/collections/winning-boxing-sets
/fr/products/winning-custom-cross-patch-sparring-set,/fr/collections/winning-boxing-sets
/it/products/winning-custom-cross-patch-sparring-set,/it/collections/winning-boxing-sets
/de/products/winning-ms600-custom-two-tone-pink-yellow-sparring-set,/de/collections/winning-boxing-sets
/es/products/winning-ms600-custom-two-tone-pink-yellow-sparring-set,/es/collections/winning-boxing-sets
/fr/products/winning-ms600-custom-two-tone-pink-yellow-sparring-set,/fr/collections/winning-boxing-sets
/it/products/winning-ms600-custom-two-tone-pink-yellow-sparring-set,/it/collections/winning-boxing-sets
/de/products/winning-ms400-custom-pink-cross-sparring-set,/de/collections/winning-boxing-sets
/es/products/winning-ms400-custom-pink-cross-sparring-set,/es/collections/winning-boxing-sets
/fr/products/winning-ms400-custom-pink-cross-sparring-set,/fr/collections/winning-boxing-sets
/it/products/winning-ms400-custom-pink-cross-sparring-set,/it/collections/winning-boxing-sets
/de/products/winning-custom-white-sky-blue-sparring-set,/de/collections/winning-boxing-sets
/es/products/winning-custom-white-sky-blue-sparring-set,/es/collections/winning-boxing-sets
/fr/products/winning-custom-white-sky-blue-sparring-set,/fr/collections/winning-boxing-sets
/it/products/winning-custom-white-sky-blue-sparring-set,/it/collections/winning-boxing-sets
/de/products/custom-cross-leather-boxing-headgear,/de/collections/boxing-head-guards
/es/products/custom-cross-leather-boxing-headgear,/es/collections/boxing-head-guards
/fr/products/custom-cross-leather-boxing-headgear,/fr/collections/boxing-head-guards
/it/products/custom-cross-leather-boxing-headgear,/it/collections/boxing-head-guards
/de/products/winning-japan-professional-facebar-headgear-fg-5000-stealth-black-custom-edition,/de/products/winning-fg2900-boxing-headgear-matte-black
/es/products/winning-japan-professional-facebar-headgear-fg-5000-stealth-black-custom-edition,/es/products/winning-fg2900-boxing-headgear-matte-black
/fr/products/winning-japan-professional-facebar-headgear-fg-5000-stealth-black-custom-edition,/fr/products/winning-fg2900-boxing-headgear-matte-black
/it/products/winning-japan-professional-facebar-headgear-fg-5000-stealth-black-custom-edition,/it/products/winning-fg2900-boxing-headgear-matte-black
/de/products/no-boxing-no-life-professional-custom-headgear-full-metallic-gold-edition-1,/de/collections/boxing-head-guards
/es/products/no-boxing-no-life-professional-custom-headgear-full-metallic-gold-edition-1,/es/collections/boxing-head-guards
/fr/products/no-boxing-no-life-professional-custom-headgear-full-metallic-gold-edition-1,/fr/collections/boxing-head-guards
/it/products/no-boxing-no-life-professional-custom-headgear-full-metallic-gold-edition-1,/it/collections/boxing-head-guards
/de/products/winning-japan-professional-boxing-headgear-fg-2900-black-classic-red-custom-two-tone,/de/collections/boxing-head-guards
/es/products/winning-japan-professional-boxing-headgear-fg-2900-black-classic-red-custom-two-tone,/es/collections/boxing-head-guards
/fr/products/winning-japan-professional-boxing-headgear-fg-2900-black-classic-red-custom-two-tone,/fr/collections/boxing-head-guards
/it/products/winning-japan-professional-boxing-headgear-fg-2900-black-classic-red-custom-two-tone,/it/collections/boxing-head-guards
/de/products/winning-fg2900-professional-headgear-navy-blue,/de/products/winning-fg5000-boxing-headgear-royal-blue
/es/products/winning-fg2900-professional-headgear-navy-blue,/es/products/winning-fg5000-boxing-headgear-royal-blue
/fr/products/winning-fg2900-professional-headgear-navy-blue,/fr/products/winning-fg5000-boxing-headgear-royal-blue
/it/products/winning-fg2900-professional-headgear-navy-blue,/it/products/winning-fg5000-boxing-headgear-royal-blue
/de/products/winning-fg2900-headgear-red-white-custom,/de/products/winning-fg2900-boxing-headgear-classic-red
/es/products/winning-fg2900-headgear-red-white-custom,/es/products/winning-fg2900-boxing-headgear-classic-red
/fr/products/winning-fg2900-headgear-red-white-custom,/fr/products/winning-fg2900-boxing-headgear-classic-red
/it/products/winning-fg2900-headgear-red-white-custom,/it/products/winning-fg2900-boxing-headgear-classic-red
/de/products/winning-fg2900-headgear-blue-white-custom,/de/products/winning-fg2900-boxing-headgear-sky-blue
/es/products/winning-fg2900-headgear-blue-white-custom,/es/products/winning-fg2900-boxing-headgear-sky-blue
/fr/products/winning-fg2900-headgear-blue-white-custom,/fr/products/winning-fg2900-boxing-headgear-sky-blue
/it/products/winning-fg2900-headgear-blue-white-custom,/it/products/winning-fg2900-boxing-headgear-sky-blue
/de/products/custom-pink-cross-design-boxing-headgear,/de/products/winning-fg2900-boxing-headgear-pink
/es/products/custom-pink-cross-design-boxing-headgear,/es/products/winning-fg2900-boxing-headgear-pink
/fr/products/custom-pink-cross-design-boxing-headgear,/fr/products/winning-fg2900-boxing-headgear-pink
/it/products/custom-pink-cross-design-boxing-headgear,/it/products/winning-fg2900-boxing-headgear-pink
/de/products/winning-japan-professional-groinguard-cps-500-green-yellow-custom-two-tone,/de/collections/boxing-groin-guards
/es/products/winning-japan-professional-groinguard-cps-500-green-yellow-custom-two-tone,/es/collections/boxing-groin-guards
/fr/products/winning-japan-professional-groinguard-cps-500-green-yellow-custom-two-tone,/fr/collections/boxing-groin-guards
/it/products/winning-japan-professional-groinguard-cps-500-green-yellow-custom-two-tone,/it/collections/boxing-groin-guards
/de/products/winning-japan-professional-groinguard-cps-500-custom-chrome-multi-color-cross-patchwork,/de/collections/boxing-groin-guards
/es/products/winning-japan-professional-groinguard-cps-500-custom-chrome-multi-color-cross-patchwork,/es/collections/boxing-groin-guards
/fr/products/winning-japan-professional-groinguard-cps-500-custom-chrome-multi-color-cross-patchwork,/fr/collections/boxing-groin-guards
/it/products/winning-japan-professional-groinguard-cps-500-custom-chrome-multi-color-cross-patchwork,/it/collections/boxing-groin-guards
/de/products/winning-custom-groin-guard-murakami-yellow,/de/collections/boxing-groin-guards
/es/products/winning-custom-groin-guard-murakami-yellow,/es/collections/boxing-groin-guards
/fr/products/winning-custom-groin-guard-murakami-yellow,/fr/collections/boxing-groin-guards
/it/products/winning-custom-groin-guard-murakami-yellow,/it/collections/boxing-groin-guards
/de/products/winning-japan-professional-groinguard-cps-500-grey-custom-edition,/de/products/winning-cps500-boxing-groin-guard-slate-gray
/es/products/winning-japan-professional-groinguard-cps-500-grey-custom-edition,/es/products/winning-cps500-boxing-groin-guard-slate-gray
/fr/products/winning-japan-professional-groinguard-cps-500-grey-custom-edition,/fr/products/winning-cps500-boxing-groin-guard-slate-gray
/it/products/winning-japan-professional-groinguard-cps-500-grey-custom-edition,/it/products/winning-cps500-boxing-groin-guard-slate-gray
/de/products/winning-cps500-custom-pink-cross-patches,/de/products/winning-cps500-boxing-groin-guard-pink
/es/products/winning-cps500-custom-pink-cross-patches,/es/products/winning-cps500-boxing-groin-guard-pink
/fr/products/winning-cps500-custom-pink-cross-patches,/fr/products/winning-cps500-boxing-groin-guard-pink
/it/products/winning-cps500-custom-pink-cross-patches,/it/products/winning-cps500-boxing-groin-guard-pink
/de/products/winning-japan-professional-compact-curved-focus-mitts-cm-10-classic-black,/de/collections/boxing-focus-mitts-paddles
/es/products/winning-japan-professional-compact-curved-focus-mitts-cm-10-classic-black,/es/collections/boxing-focus-mitts-paddles
/fr/products/winning-japan-professional-compact-curved-focus-mitts-cm-10-classic-black,/fr/collections/boxing-focus-mitts-paddles
/it/products/winning-japan-professional-compact-curved-focus-mitts-cm-10-classic-black,/it/collections/boxing-focus-mitts-paddles
/de/products/winning-boxing-punch-paddles-red,/de/collections/boxing-focus-mitts-paddles
/es/products/winning-boxing-punch-paddles-red,/es/collections/boxing-focus-mitts-paddles
/fr/products/winning-boxing-punch-paddles-red,/fr/collections/boxing-focus-mitts-paddles
/it/products/winning-boxing-punch-paddles-red,/it/collections/boxing-focus-mitts-paddles
/de/products/metallic-silver-pro-boxing-boots,/de/collections/boxing-shoes
/es/products/metallic-silver-pro-boxing-boots,/es/collections/boxing-shoes
/fr/products/metallic-silver-pro-boxing-boots,/fr/collections/boxing-shoes
/it/products/metallic-silver-pro-boxing-boots,/it/collections/boxing-shoes
/de/products/premium-boxing-hand-wraps-brown-black-elastic-training-wrist-support-180,/de/collections/for-training
/es/products/premium-boxing-hand-wraps-brown-black-elastic-training-wrist-support-180,/es/collections/for-training
/fr/products/premium-boxing-hand-wraps-brown-black-elastic-training-wrist-support-180,/fr/collections/for-training
/it/products/premium-boxing-hand-wraps-brown-black-elastic-training-wrist-support-180,/it/collections/for-training
/de/products/winning-ms600-professional-boxing-gloves-red-gold,/de/collections/winning-boxing-gloves
/es/products/winning-ms600-professional-boxing-gloves-red-gold,/es/collections/winning-boxing-gloves
/fr/products/winning-ms600-professional-boxing-gloves-red-gold,/fr/collections/winning-boxing-gloves
/it/products/winning-ms600-professional-boxing-gloves-red-gold,/it/collections/winning-boxing-gloves
/de/products/winning-ms600b-professional-velcro-gloves-red-white,/de/collections/winning-boxing-gloves
/es/products/winning-ms600b-professional-velcro-gloves-red-white,/es/collections/winning-boxing-gloves
/fr/products/winning-ms600b-professional-velcro-gloves-red-white,/fr/collections/winning-boxing-gloves
/it/products/winning-ms600b-professional-velcro-gloves-red-white,/it/collections/winning-boxing-gloves
/de/products/winning-ms600b-professional-velcro-gloves-black-yellow,/de/collections/winning-boxing-gloves
/es/products/winning-ms600b-professional-velcro-gloves-black-yellow,/es/collections/winning-boxing-gloves
/fr/products/winning-ms600b-professional-velcro-gloves-black-yellow,/fr/collections/winning-boxing-gloves
/it/products/winning-ms600b-professional-velcro-gloves-black-yellow,/it/collections/winning-boxing-gloves
/de/products/winning-ms300-professional-boxing-gloves-10oz-brown,/de/collections/winning-boxing-gloves
/es/products/winning-ms300-professional-boxing-gloves-10oz-brown,/es/collections/winning-boxing-gloves
/fr/products/winning-ms300-professional-boxing-gloves-10oz-brown,/fr/collections/winning-boxing-gloves
/it/products/winning-ms300-professional-boxing-gloves-10oz-brown,/it/collections/winning-boxing-gloves
/de/products/winning-ms300-professional-boxing-gloves-maroon,/de/collections/winning-boxing-gloves
/es/products/winning-ms300-professional-boxing-gloves-maroon,/es/collections/winning-boxing-gloves
/fr/products/winning-ms300-professional-boxing-gloves-maroon,/fr/collections/winning-boxing-gloves
/it/products/winning-ms300-professional-boxing-gloves-maroon,/it/collections/winning-boxing-gloves
/de/products/winning-ms600b-professional-velcro-gloves-forest-green-black,/de/collections/winning-boxing-gloves
/es/products/winning-ms600b-professional-velcro-gloves-forest-green-black,/es/collections/winning-boxing-gloves
/fr/products/winning-ms600b-professional-velcro-gloves-forest-green-black,/fr/collections/winning-boxing-gloves
/it/products/winning-ms600b-professional-velcro-gloves-forest-green-black,/it/collections/winning-boxing-gloves
/de/products/winning-ms500-professional-lace-up-gloves-forest-green,/de/collections/winning-boxing-gloves
/es/products/winning-ms500-professional-lace-up-gloves-forest-green,/es/collections/winning-boxing-gloves
/fr/products/winning-ms500-professional-lace-up-gloves-forest-green,/fr/collections/winning-boxing-gloves
/it/products/winning-ms500-professional-lace-up-gloves-forest-green,/it/collections/winning-boxing-gloves
/de/products/winning-ms600-professional-lace-up-gloves-green-white,/de/collections/winning-boxing-gloves
/es/products/winning-ms600-professional-lace-up-gloves-green-white,/es/collections/winning-boxing-gloves
/fr/products/winning-ms600-professional-lace-up-gloves-green-white,/fr/collections/winning-boxing-gloves
/it/products/winning-ms600-professional-lace-up-gloves-green-white,/it/collections/winning-boxing-gloves
/de/products/winning-ms600-professional-lace-up-gloves-maroon-white,/de/collections/winning-boxing-gloves
/es/products/winning-ms600-professional-lace-up-gloves-maroon-white,/es/collections/winning-boxing-gloves
/fr/products/winning-ms600-professional-lace-up-gloves-maroon-white,/fr/collections/winning-boxing-gloves
/it/products/winning-ms600-professional-lace-up-gloves-maroon-white,/it/collections/winning-boxing-gloves
/de/products/winning-ms600-professional-lace-up-gloves-purple-gold,/de/collections/winning-boxing-gloves
/es/products/winning-ms600-professional-lace-up-gloves-purple-gold,/es/collections/winning-boxing-gloves
/fr/products/winning-ms600-professional-lace-up-gloves-purple-gold,/fr/collections/winning-boxing-gloves
/it/products/winning-ms600-professional-lace-up-gloves-purple-gold,/it/collections/winning-boxing-gloves
/de/products/winning-ms600-professional-lace-up-gloves-white-red,/de/collections/winning-boxing-gloves
/es/products/winning-ms600-professional-lace-up-gloves-white-red,/es/collections/winning-boxing-gloves
/fr/products/winning-ms600-professional-lace-up-gloves-white-red,/fr/collections/winning-boxing-gloves
/it/products/winning-ms600-professional-lace-up-gloves-white-red,/it/collections/winning-boxing-gloves
/de/products/winning-ms500-professional-lace-up-gloves-white-black,/de/collections/winning-boxing-gloves
/es/products/winning-ms500-professional-lace-up-gloves-white-black,/es/collections/winning-boxing-gloves
/fr/products/winning-ms500-professional-lace-up-gloves-white-black,/fr/collections/winning-boxing-gloves
/it/products/winning-ms500-professional-lace-up-gloves-white-black,/it/collections/winning-boxing-gloves
/de/products/winning-ms500-professional-lace-up-gloves-grey-black-white,/de/collections/winning-boxing-gloves
/es/products/winning-ms500-professional-lace-up-gloves-grey-black-white,/es/collections/winning-boxing-gloves
/fr/products/winning-ms500-professional-lace-up-gloves-grey-black-white,/fr/collections/winning-boxing-gloves
/it/products/winning-ms500-professional-lace-up-gloves-grey-black-white,/it/collections/winning-boxing-gloves
/de/products/winning-japan-professional-boxing-gloves-ms-600-british-racing-green-custom-edition,/de/collections/winning-boxing-gloves
/es/products/winning-japan-professional-boxing-gloves-ms-600-british-racing-green-custom-edition,/es/collections/winning-boxing-gloves
/fr/products/winning-japan-professional-boxing-gloves-ms-600-british-racing-green-custom-edition,/fr/collections/winning-boxing-gloves
/it/products/winning-japan-professional-boxing-gloves-ms-600-british-racing-green-custom-edition,/it/collections/winning-boxing-gloves
/de/products/winning-professional-boxing-gloves-navy-blue-gold,/de/collections/winning-boxing-gloves
/es/products/winning-professional-boxing-gloves-navy-blue-gold,/es/collections/winning-boxing-gloves
/fr/products/winning-professional-boxing-gloves-navy-blue-gold,/fr/collections/winning-boxing-gloves
/it/products/winning-professional-boxing-gloves-navy-blue-gold,/it/collections/winning-boxing-gloves
/de/products/winning-professional-lace-up-boxing-gloves-custom-royal-purple-gold,/de/collections/winning-boxing-gloves
/es/products/winning-professional-lace-up-boxing-gloves-custom-royal-purple-gold,/es/collections/winning-boxing-gloves
/fr/products/winning-professional-lace-up-boxing-gloves-custom-royal-purple-gold,/fr/collections/winning-boxing-gloves
/it/products/winning-professional-lace-up-boxing-gloves-custom-royal-purple-gold,/it/collections/winning-boxing-gloves
/de/products/winning-professional-boxing-gloves-forest-green-gold-custom,/de/collections/winning-boxing-gloves
/es/products/winning-professional-boxing-gloves-forest-green-gold-custom,/es/collections/winning-boxing-gloves
/fr/products/winning-professional-boxing-gloves-forest-green-gold-custom,/fr/collections/winning-boxing-gloves
/it/products/winning-professional-boxing-gloves-forest-green-gold-custom,/it/collections/winning-boxing-gloves
/de/products/winning-professional-boxing-gloves-orange-black-custom,/de/collections/winning-boxing-gloves
/es/products/winning-professional-boxing-gloves-orange-black-custom,/es/collections/winning-boxing-gloves
/fr/products/winning-professional-boxing-gloves-orange-black-custom,/fr/collections/winning-boxing-gloves
/it/products/winning-professional-boxing-gloves-orange-black-custom,/it/collections/winning-boxing-gloves
/de/products/winning-ms600-professional-boxing-gloves-silver-gold-custom,/de/collections/winning-boxing-gloves
/es/products/winning-ms600-professional-boxing-gloves-silver-gold-custom,/es/collections/winning-boxing-gloves
/fr/products/winning-ms600-professional-boxing-gloves-silver-gold-custom,/fr/collections/winning-boxing-gloves
/it/products/winning-ms600-professional-boxing-gloves-silver-gold-custom,/it/collections/winning-boxing-gloves
/de/products/winning-ms500-professional-lace-up-gloves-black-grey-white,/de/collections/winning-boxing-gloves
/es/products/winning-ms500-professional-lace-up-gloves-black-grey-white,/es/collections/winning-boxing-gloves
/fr/products/winning-ms500-professional-lace-up-gloves-black-grey-white,/fr/collections/winning-boxing-gloves
/it/products/winning-ms500-professional-lace-up-gloves-black-grey-white,/it/collections/winning-boxing-gloves
/de/products/winning-ms300-professional-lace-up-gloves-black-shadow-custom,/de/collections/winning-boxing-gloves
/es/products/winning-ms300-professional-lace-up-gloves-black-shadow-custom,/es/collections/winning-boxing-gloves
/fr/products/winning-ms300-professional-lace-up-gloves-black-shadow-custom,/fr/collections/winning-boxing-gloves
/it/products/winning-ms300-professional-lace-up-gloves-black-shadow-custom,/it/collections/winning-boxing-gloves
/de/products/winning-ms300-professional-lace-up-gloves-red-custom-cross,/de/collections/winning-boxing-gloves
/es/products/winning-ms300-professional-lace-up-gloves-red-custom-cross,/es/collections/winning-boxing-gloves
/fr/products/winning-ms300-professional-lace-up-gloves-red-custom-cross,/fr/collections/winning-boxing-gloves
/it/products/winning-ms300-professional-lace-up-gloves-red-custom-cross,/it/collections/winning-boxing-gloves
/de/products/winning-ms300-professional-lace-up-gloves-red-puzzle-custom-cross,/de/collections/winning-boxing-gloves
/es/products/winning-ms300-professional-lace-up-gloves-red-puzzle-custom-cross,/es/collections/winning-boxing-gloves
/fr/products/winning-ms300-professional-lace-up-gloves-red-puzzle-custom-cross,/fr/collections/winning-boxing-gloves
/it/products/winning-ms300-professional-lace-up-gloves-red-puzzle-custom-cross,/it/collections/winning-boxing-gloves
/de/products/winning-ms600-professional-lace-up-gloves-white-custom-cross,/de/collections/winning-boxing-gloves
/es/products/winning-ms600-professional-lace-up-gloves-white-custom-cross,/es/collections/winning-boxing-gloves
/fr/products/winning-ms600-professional-lace-up-gloves-white-custom-cross,/fr/collections/winning-boxing-gloves
/it/products/winning-ms600-professional-lace-up-gloves-white-custom-cross,/it/collections/winning-boxing-gloves
/de/products/winning-ms600-professional-lace-up-gloves-white-custom-puzzle-cross,/de/collections/winning-boxing-gloves
/es/products/winning-ms600-professional-lace-up-gloves-white-custom-puzzle-cross,/es/collections/winning-boxing-gloves
/fr/products/winning-ms600-professional-lace-up-gloves-white-custom-puzzle-cross,/fr/collections/winning-boxing-gloves
/it/products/winning-ms600-professional-lace-up-gloves-white-custom-puzzle-cross,/it/collections/winning-boxing-gloves
/de/products/winning-ms400-custom-pink-cross-patches,/de/collections/winning-boxing-gloves
/es/products/winning-ms400-custom-pink-cross-patches,/es/collections/winning-boxing-gloves
/fr/products/winning-ms400-custom-pink-cross-patches,/fr/collections/winning-boxing-gloves
/it/products/winning-ms400-custom-pink-cross-patches,/it/collections/winning-boxing-gloves
/de/products/winning-ms600-custom-sky-blue-gold-pro-gloves,/de/collections/winning-boxing-gloves
/es/products/winning-ms600-custom-sky-blue-gold-pro-gloves,/es/collections/winning-boxing-gloves
/fr/products/winning-ms600-custom-sky-blue-gold-pro-gloves,/fr/collections/winning-boxing-gloves
/it/products/winning-ms600-custom-sky-blue-gold-pro-gloves,/it/collections/winning-boxing-gloves
/de/products/winning-ms600-custom-metallic-silver-black-gloves,/de/collections/winning-boxing-gloves
/es/products/winning-ms600-custom-metallic-silver-black-gloves,/es/collections/winning-boxing-gloves
/fr/products/winning-ms600-custom-metallic-silver-black-gloves,/fr/collections/winning-boxing-gloves
/it/products/winning-ms600-custom-metallic-silver-black-gloves,/it/collections/winning-boxing-gloves
/de/products/winning-ms600-custom-grey-yellow-black-gloves,/de/collections/winning-boxing-gloves
/es/products/winning-ms600-custom-grey-yellow-black-gloves,/es/collections/winning-boxing-gloves
/fr/products/winning-ms600-custom-grey-yellow-black-gloves,/fr/collections/winning-boxing-gloves
/it/products/winning-ms600-custom-grey-yellow-black-gloves,/it/collections/winning-boxing-gloves
/de/products/winning-professional-lace-up-boxing-gloves-custom-green-yellow-red-16oz,/de/collections/winning-boxing-gloves
/es/products/winning-professional-lace-up-boxing-gloves-custom-green-yellow-red-16oz,/es/collections/winning-boxing-gloves
/fr/products/winning-professional-lace-up-boxing-gloves-custom-green-yellow-red-16oz,/fr/collections/winning-boxing-gloves
/it/products/winning-professional-lace-up-boxing-gloves-custom-green-yellow-red-16oz,/it/collections/winning-boxing-gloves
/de/products/winning-professional-lace-up-boxing-gloves-custom-chrome-hearts-cross-sky-blue-white,/de/collections/winning-boxing-gloves
/es/products/winning-professional-lace-up-boxing-gloves-custom-chrome-hearts-cross-sky-blue-white,/es/collections/winning-boxing-gloves
/fr/products/winning-professional-lace-up-boxing-gloves-custom-chrome-hearts-cross-sky-blue-white,/fr/collections/winning-boxing-gloves
/it/products/winning-professional-lace-up-boxing-gloves-custom-chrome-hearts-cross-sky-blue-white,/it/collections/winning-boxing-gloves
/de/products/winning-professional-lace-up-boxing-gloves-custom-white-pink,/de/collections/winning-boxing-gloves
/es/products/winning-professional-lace-up-boxing-gloves-custom-white-pink,/es/collections/winning-boxing-gloves
/fr/products/winning-professional-lace-up-boxing-gloves-custom-white-pink,/fr/collections/winning-boxing-gloves
/it/products/winning-professional-lace-up-boxing-gloves-custom-white-pink,/it/collections/winning-boxing-gloves
/de/products/winning-professional-hook-and-loop-boxing-gloves-custom-black-orange,/de/collections/winning-boxing-gloves
/es/products/winning-professional-hook-and-loop-boxing-gloves-custom-black-orange,/es/collections/winning-boxing-gloves
/fr/products/winning-professional-hook-and-loop-boxing-gloves-custom-black-orange,/fr/collections/winning-boxing-gloves
/it/products/winning-professional-hook-and-loop-boxing-gloves-custom-black-orange,/it/collections/winning-boxing-gloves
/de/products/winning-professional-lace-up-boxing-gloves-custom-slate-gray-metallic-silver,/de/collections/winning-boxing-gloves
/es/products/winning-professional-lace-up-boxing-gloves-custom-slate-gray-metallic-silver,/es/collections/winning-boxing-gloves
/fr/products/winning-professional-lace-up-boxing-gloves-custom-slate-gray-metallic-silver,/fr/collections/winning-boxing-gloves
/it/products/winning-professional-lace-up-boxing-gloves-custom-slate-gray-metallic-silver,/it/collections/winning-boxing-gloves
/de/products/winning-professional-lace-up-boxing-gloves-custom-purple-blue-red-14oz,/de/collections/winning-boxing-gloves
/es/products/winning-professional-lace-up-boxing-gloves-custom-purple-blue-red-14oz,/es/collections/winning-boxing-gloves
/fr/products/winning-professional-lace-up-boxing-gloves-custom-purple-blue-red-14oz,/fr/collections/winning-boxing-gloves
/it/products/winning-professional-lace-up-boxing-gloves-custom-purple-blue-red-14oz,/it/collections/winning-boxing-gloves
/de/products/winning-professional-lace-up-boxing-gloves-custom-royal-purple-dark-green-16oz,/de/collections/winning-boxing-gloves
/es/products/winning-professional-lace-up-boxing-gloves-custom-royal-purple-dark-green-16oz,/es/collections/winning-boxing-gloves
/fr/products/winning-professional-lace-up-boxing-gloves-custom-royal-purple-dark-green-16oz,/fr/collections/winning-boxing-gloves
/it/products/winning-professional-lace-up-boxing-gloves-custom-royal-purple-dark-green-16oz,/it/collections/winning-boxing-gloves
/de/products/no-boxing-no-life-professional-gloves-mexican-flag-custom,/de/products/flag-bear-boxing-gloves-black-gold
/es/products/no-boxing-no-life-professional-gloves-mexican-flag-custom,/es/products/flag-bear-boxing-gloves-black-gold
/fr/products/no-boxing-no-life-professional-gloves-mexican-flag-custom,/fr/products/flag-bear-boxing-gloves-black-gold
/it/products/no-boxing-no-life-professional-gloves-mexican-flag-custom,/it/products/flag-bear-boxing-gloves-black-gold
/de/products/no-boxing-no-life-professional-training-gloves-red-black,/de/products/red-black-leather-pro-training-boxing-gloves
/es/products/no-boxing-no-life-professional-training-gloves-red-black,/es/products/red-black-leather-pro-training-boxing-gloves
/fr/products/no-boxing-no-life-professional-training-gloves-red-black,/fr/products/red-black-leather-pro-training-boxing-gloves
/it/products/no-boxing-no-life-professional-training-gloves-red-black,/it/products/red-black-leather-pro-training-boxing-gloves
/de/products/no-boxing-no-life-professional-training-gloves-metallic-pink-silver,/de/products/metallic-pink-silver-boxing-gloves
/es/products/no-boxing-no-life-professional-training-gloves-metallic-pink-silver,/es/products/metallic-pink-silver-boxing-gloves
/fr/products/no-boxing-no-life-professional-training-gloves-metallic-pink-silver,/fr/products/metallic-pink-silver-boxing-gloves
/it/products/no-boxing-no-life-professional-training-gloves-metallic-pink-silver,/it/products/metallic-pink-silver-boxing-gloves
/de/products/no-boxing-no-life-professional-gloves-mexican-flag-grizzly-custom,/de/products/flag-bear-boxing-gloves-black-gold
/es/products/no-boxing-no-life-professional-gloves-mexican-flag-grizzly-custom,/es/products/flag-bear-boxing-gloves-black-gold
/fr/products/no-boxing-no-life-professional-gloves-mexican-flag-grizzly-custom,/fr/products/flag-bear-boxing-gloves-black-gold
/it/products/no-boxing-no-life-professional-gloves-mexican-flag-grizzly-custom,/it/products/flag-bear-boxing-gloves-black-gold
/de/products/no-boxing-no-life-professional-gloves-metallic-red-gold,/de/products/metallic-red-gold-leather-boxing-gloves
/es/products/no-boxing-no-life-professional-gloves-metallic-red-gold,/es/products/metallic-red-gold-leather-boxing-gloves
/fr/products/no-boxing-no-life-professional-gloves-metallic-red-gold,/fr/products/metallic-red-gold-leather-boxing-gloves
/it/products/no-boxing-no-life-professional-gloves-metallic-red-gold,/it/products/metallic-red-gold-leather-boxing-gloves
/de/products/no-boxing-no-life-professional-gloves-maroon-lime-green-grizzly,/de/products/maroon-lime-green-bear-sparring-gloves
/es/products/no-boxing-no-life-professional-gloves-maroon-lime-green-grizzly,/es/products/maroon-lime-green-bear-sparring-gloves
/fr/products/no-boxing-no-life-professional-gloves-maroon-lime-green-grizzly,/fr/products/maroon-lime-green-bear-sparring-gloves
/it/products/no-boxing-no-life-professional-gloves-maroon-lime-green-grizzly,/it/products/maroon-lime-green-bear-sparring-gloves
/de/products/no-boxing-no-life-professional-gloves-white-brown-lace-up,/de/products/white-brown-vintage-leather-boxing-gloves
/es/products/no-boxing-no-life-professional-gloves-white-brown-lace-up,/es/products/white-brown-vintage-leather-boxing-gloves
/fr/products/no-boxing-no-life-professional-gloves-white-brown-lace-up,/fr/products/white-brown-vintage-leather-boxing-gloves
/it/products/no-boxing-no-life-professional-gloves-white-brown-lace-up,/it/products/white-brown-vintage-leather-boxing-gloves
/de/products/no-boxing-no-life-professional-lace-up-gloves-metallic-rose-gold-white-edition,/de/products/rose-gold-white-iridescent-boxing-gloves
/es/products/no-boxing-no-life-professional-lace-up-gloves-metallic-rose-gold-white-edition,/es/products/rose-gold-white-iridescent-boxing-gloves
/fr/products/no-boxing-no-life-professional-lace-up-gloves-metallic-rose-gold-white-edition,/fr/products/rose-gold-white-iridescent-boxing-gloves
/it/products/no-boxing-no-life-professional-lace-up-gloves-metallic-rose-gold-white-edition,/it/products/rose-gold-white-iridescent-boxing-gloves
/de/products/no-boxing-no-life-professional-gloves-blue-silver-grizzly-custom,/de/products/blue-silver-bear-boxing-gloves
/es/products/no-boxing-no-life-professional-gloves-blue-silver-grizzly-custom,/es/products/blue-silver-bear-boxing-gloves
/fr/products/no-boxing-no-life-professional-gloves-blue-silver-grizzly-custom,/fr/products/blue-silver-bear-boxing-gloves
/it/products/no-boxing-no-life-professional-gloves-blue-silver-grizzly-custom,/it/products/blue-silver-bear-boxing-gloves
/de/products/no-boxing-no-life-professional-gloves-black-yellow-grizzly-custom,/de/products/black-yellow-bear-boxing-gloves
/es/products/no-boxing-no-life-professional-gloves-black-yellow-grizzly-custom,/es/products/black-yellow-bear-boxing-gloves
/fr/products/no-boxing-no-life-professional-gloves-black-yellow-grizzly-custom,/fr/products/black-yellow-bear-boxing-gloves
/it/products/no-boxing-no-life-professional-gloves-black-yellow-grizzly-custom,/it/products/black-yellow-bear-boxing-gloves
/de/products/no-boxing-no-life-professional-gloves-yellow-metallic-red-grizzly-custom,/de/products/yellow-metallic-red-bear-boxing-gloves
/es/products/no-boxing-no-life-professional-gloves-yellow-metallic-red-grizzly-custom,/es/products/yellow-metallic-red-bear-boxing-gloves
/fr/products/no-boxing-no-life-professional-gloves-yellow-metallic-red-grizzly-custom,/fr/products/yellow-metallic-red-bear-boxing-gloves
/it/products/no-boxing-no-life-professional-gloves-yellow-metallic-red-grizzly-custom,/it/products/yellow-metallic-red-bear-boxing-gloves
/de/products/no-boxing-no-life-professional-gloves-neon-yellow-metallic-blue-lace-up,/de/products/neon-yellow-metallic-blue-boxing-gloves
/es/products/no-boxing-no-life-professional-gloves-neon-yellow-metallic-blue-lace-up,/es/products/neon-yellow-metallic-blue-boxing-gloves
/fr/products/no-boxing-no-life-professional-gloves-neon-yellow-metallic-blue-lace-up,/fr/products/neon-yellow-metallic-blue-boxing-gloves
/it/products/no-boxing-no-life-professional-gloves-neon-yellow-metallic-blue-lace-up,/it/products/neon-yellow-metallic-blue-boxing-gloves
/de/products/no-boxing-no-life-professional-gloves-black-metallic-gold,/de/products/black-metallic-gold-premium-boxing-gloves
/es/products/no-boxing-no-life-professional-gloves-black-metallic-gold,/es/products/black-metallic-gold-premium-boxing-gloves
/fr/products/no-boxing-no-life-professional-gloves-black-metallic-gold,/fr/products/black-metallic-gold-premium-boxing-gloves
/it/products/no-boxing-no-life-professional-gloves-black-metallic-gold,/it/products/black-metallic-gold-premium-boxing-gloves
/de/products/no-boxing-no-life-professional-lace-up-gloves-white-black,/de/products/white-black-leather-sparring-gloves
/es/products/no-boxing-no-life-professional-lace-up-gloves-white-black,/es/products/white-black-leather-sparring-gloves
/fr/products/no-boxing-no-life-professional-lace-up-gloves-white-black,/fr/products/white-black-leather-sparring-gloves
/it/products/no-boxing-no-life-professional-lace-up-gloves-white-black,/it/products/white-black-leather-sparring-gloves
/de/products/no-boxing-no-life-professional-lace-up-gloves-forest-green-white-gold,/de/products/forest-green-white-gold-boxing-gloves
/es/products/no-boxing-no-life-professional-lace-up-gloves-forest-green-white-gold,/es/products/forest-green-white-gold-boxing-gloves
/fr/products/no-boxing-no-life-professional-lace-up-gloves-forest-green-white-gold,/fr/products/forest-green-white-gold-boxing-gloves
/it/products/no-boxing-no-life-professional-lace-up-gloves-forest-green-white-gold,/it/products/forest-green-white-gold-boxing-gloves
/de/products/boxing-sparring-set-gloves-red-gold,/de/collections/no-boxing-no-life-boxing-gloves
/es/products/boxing-sparring-set-gloves-red-gold,/es/collections/no-boxing-no-life-boxing-gloves
/fr/products/boxing-sparring-set-gloves-red-gold,/fr/collections/no-boxing-no-life-boxing-gloves
/it/products/boxing-sparring-set-gloves-red-gold,/it/collections/no-boxing-no-life-boxing-gloves
/de/products/no-boxing-no-life-professional-training-gloves-black-gold,/de/products/no-boxing-no-life-boxing-gloves-black-gold
/es/products/no-boxing-no-life-professional-training-gloves-black-gold,/es/products/no-boxing-no-life-boxing-gloves-black-gold
/fr/products/no-boxing-no-life-professional-training-gloves-black-gold,/fr/products/no-boxing-no-life-boxing-gloves-black-gold
/it/products/no-boxing-no-life-professional-training-gloves-black-gold,/it/products/no-boxing-no-life-boxing-gloves-black-gold
/de/products/no-boxing-no-life-professional-lace-up-gloves-custom-sky-blue-black-bear-edition,/de/products/no-boxing-no-life-pro-boxing-gloves-blue-black
/es/products/no-boxing-no-life-professional-lace-up-gloves-custom-sky-blue-black-bear-edition,/es/products/no-boxing-no-life-pro-boxing-gloves-blue-black
/fr/products/no-boxing-no-life-professional-lace-up-gloves-custom-sky-blue-black-bear-edition,/fr/products/no-boxing-no-life-pro-boxing-gloves-blue-black
/it/products/no-boxing-no-life-professional-lace-up-gloves-custom-sky-blue-black-bear-edition,/it/products/no-boxing-no-life-pro-boxing-gloves-blue-black
/de/products/audi-sport-f1-team-professional-boxing-gloves-quattro-stealth-edition,/de/collections/boxing-gloves
/es/products/audi-sport-f1-team-professional-boxing-gloves-quattro-stealth-edition,/es/collections/boxing-gloves
/fr/products/audi-sport-f1-team-professional-boxing-gloves-quattro-stealth-edition,/fr/collections/boxing-gloves
/it/products/audi-sport-f1-team-professional-boxing-gloves-quattro-stealth-edition,/it/collections/boxing-gloves
/de/products/mclaren-f1-team-professional-boxing-gloves-papaya-orange-edition,/de/collections/boxing-gloves
/es/products/mclaren-f1-team-professional-boxing-gloves-papaya-orange-edition,/es/collections/boxing-gloves
/fr/products/mclaren-f1-team-professional-boxing-gloves-papaya-orange-edition,/fr/collections/boxing-gloves
/it/products/mclaren-f1-team-professional-boxing-gloves-papaya-orange-edition,/it/collections/boxing-gloves
/de/products/oracle-red-bull-racing-f1-team-professional-boxing-gloves-navy-red-edition,/de/collections/boxing-gloves
/es/products/oracle-red-bull-racing-f1-team-professional-boxing-gloves-navy-red-edition,/es/collections/boxing-gloves
/fr/products/oracle-red-bull-racing-f1-team-professional-boxing-gloves-navy-red-edition,/fr/collections/boxing-gloves
/it/products/oracle-red-bull-racing-f1-team-professional-boxing-gloves-navy-red-edition,/it/collections/boxing-gloves
/de/products/scuderia-ferrari-f1-team-professional-boxing-gloves-rosso-corsa-edition,/de/collections/boxing-gloves
/es/products/scuderia-ferrari-f1-team-professional-boxing-gloves-rosso-corsa-edition,/es/collections/boxing-gloves
/fr/products/scuderia-ferrari-f1-team-professional-boxing-gloves-rosso-corsa-edition,/fr/collections/boxing-gloves
/it/products/scuderia-ferrari-f1-team-professional-boxing-gloves-rosso-corsa-edition,/it/collections/boxing-gloves
/de/products/mercedes-amg-f1-synergy-professional-lace-up-boxing-gloves-black-teal,/de/collections/boxing-gloves
/es/products/mercedes-amg-f1-synergy-professional-lace-up-boxing-gloves-black-teal,/es/collections/boxing-gloves
/fr/products/mercedes-amg-f1-synergy-professional-lace-up-boxing-gloves-black-teal,/fr/collections/boxing-gloves
/it/products/mercedes-amg-f1-synergy-professional-lace-up-boxing-gloves-black-teal,/it/collections/boxing-gloves
/de/products/winning-ms600-white-official-lace-up-boxing-gloves,/de/products/winning-boxing-gloves-white
/es/products/winning-ms600-white-official-lace-up-boxing-gloves,/es/products/winning-boxing-gloves-white
/fr/products/winning-ms600-white-official-lace-up-boxing-gloves,/fr/products/winning-boxing-gloves-white
/it/products/winning-ms600-white-official-lace-up-boxing-gloves,/it/products/winning-boxing-gloves-white
/de/products/winning-classic-red-official-lace-up-boxing-gloves,/de/products/winning-boxing-gloves-red
/es/products/winning-classic-red-official-lace-up-boxing-gloves,/es/products/winning-boxing-gloves-red
/fr/products/winning-classic-red-official-lace-up-boxing-gloves,/fr/products/winning-boxing-gloves-red
/it/products/winning-classic-red-official-lace-up-boxing-gloves,/it/products/winning-boxing-gloves-red
/de/products/winning-ms600-black-official-lace-up-boxing-gloves,/de/products/winning-boxing-gloves-black
/es/products/winning-ms600-black-official-lace-up-boxing-gloves,/es/products/winning-boxing-gloves-black
/fr/products/winning-ms600-black-official-lace-up-boxing-gloves,/fr/products/winning-boxing-gloves-black
/it/products/winning-ms600-black-official-lace-up-boxing-gloves,/it/products/winning-boxing-gloves-black
/de/products/winning-ms600-classic-pink-official-lace-up-boxing-gloves,/de/products/winning-boxing-gloves-pink
/es/products/winning-ms600-classic-pink-official-lace-up-boxing-gloves,/es/products/winning-boxing-gloves-pink
/fr/products/winning-ms600-classic-pink-official-lace-up-boxing-gloves,/fr/products/winning-boxing-gloves-pink
/it/products/winning-ms600-classic-pink-official-lace-up-boxing-gloves,/it/products/winning-boxing-gloves-pink
/de/products/winning-ms600-navy-blue-official-lace-up-boxing-gloves,/de/products/winning-boxing-gloves-navy-blue
/es/products/winning-ms600-navy-blue-official-lace-up-boxing-gloves,/es/products/winning-boxing-gloves-navy-blue
/fr/products/winning-ms600-navy-blue-official-lace-up-boxing-gloves,/fr/products/winning-boxing-gloves-navy-blue
/it/products/winning-ms600-navy-blue-official-lace-up-boxing-gloves,/it/products/winning-boxing-gloves-navy-blue
/de/products/winning-boxing-gloves-maroon-yellow-orange-custom-made,/de/products/winning-boxing-gloves-maroon-yellow-orange
/es/products/winning-boxing-gloves-maroon-yellow-orange-custom-made,/es/products/winning-boxing-gloves-maroon-yellow-orange
/fr/products/winning-boxing-gloves-maroon-yellow-orange-custom-made,/fr/products/winning-boxing-gloves-maroon-yellow-orange
/it/products/winning-boxing-gloves-maroon-yellow-orange-custom-made,/it/products/winning-boxing-gloves-maroon-yellow-orange
/de/products/winning-ms600-white-lace-up-boxing-gloves,/de/products/winning-boxing-gloves-white
/es/products/winning-ms600-white-lace-up-boxing-gloves,/es/products/winning-boxing-gloves-white
/fr/products/winning-ms600-white-lace-up-boxing-gloves,/fr/products/winning-boxing-gloves-white
/it/products/winning-ms600-white-lace-up-boxing-gloves,/it/products/winning-boxing-gloves-white
/de/products/winning-boxing-gloves-brown-black-orange-white-lace-up-training,/de/products/winning-boxing-gloves-brown-black-orange-white
/es/products/winning-boxing-gloves-brown-black-orange-white-lace-up-training,/es/products/winning-boxing-gloves-brown-black-orange-white
/fr/products/winning-boxing-gloves-brown-black-orange-white-lace-up-training,/fr/products/winning-boxing-gloves-brown-black-orange-white
/it/products/winning-boxing-gloves-brown-black-orange-white-lace-up-training,/it/products/winning-boxing-gloves-brown-black-orange-white
/de/products/winning-boxing-gloves-blue-green-yellow-red-durable-leather,/de/products/winning-boxing-gloves-blue-green-yellow-red
/es/products/winning-boxing-gloves-blue-green-yellow-red-durable-leather,/es/products/winning-boxing-gloves-blue-green-yellow-red
/fr/products/winning-boxing-gloves-blue-green-yellow-red-durable-leather,/fr/products/winning-boxing-gloves-blue-green-yellow-red
/it/products/winning-boxing-gloves-blue-green-yellow-red-durable-leather,/it/products/winning-boxing-gloves-blue-green-yellow-red
/de/products/winning-boxing-gloves-white-dark-pink-sparring,/de/products/winning-boxing-gloves-white-dark-pink
/es/products/winning-boxing-gloves-white-dark-pink-sparring,/es/products/winning-boxing-gloves-white-dark-pink
/fr/products/winning-boxing-gloves-white-dark-pink-sparring,/fr/products/winning-boxing-gloves-white-dark-pink
/it/products/winning-boxing-gloves-white-dark-pink-sparring,/it/products/winning-boxing-gloves-white-dark-pink
/de/products/winning-boxing-gloves-yellow-white-green-training,/de/products/winning-boxing-gloves-yellow-white-green
/es/products/winning-boxing-gloves-yellow-white-green-training,/es/products/winning-boxing-gloves-yellow-white-green
/fr/products/winning-boxing-gloves-yellow-white-green-training,/fr/products/winning-boxing-gloves-yellow-white-green
/it/products/winning-boxing-gloves-yellow-white-green-training,/it/products/winning-boxing-gloves-yellow-white-green
/de/products/winning-boxing-gloves-black-silver-white-secure-fit-leather,/de/products/winning-boxing-gloves-black-silver-white
/es/products/winning-boxing-gloves-black-silver-white-secure-fit-leather,/es/products/winning-boxing-gloves-black-silver-white
/fr/products/winning-boxing-gloves-black-silver-white-secure-fit-leather,/fr/products/winning-boxing-gloves-black-silver-white
/it/products/winning-boxing-gloves-black-silver-white-secure-fit-leather,/it/products/winning-boxing-gloves-black-silver-white
/de/products/winning-boxing-gloves-grey-gold-red-durable-leather,/de/products/winning-boxing-gloves-grey-gold-red
/es/products/winning-boxing-gloves-grey-gold-red-durable-leather,/es/products/winning-boxing-gloves-grey-gold-red
/fr/products/winning-boxing-gloves-grey-gold-red-durable-leather,/fr/products/winning-boxing-gloves-grey-gold-red
/it/products/winning-boxing-gloves-grey-gold-red-durable-leather,/it/products/winning-boxing-gloves-grey-gold-red
/de/products/winning-boxing-gloves-silver-black-purple-sparring,/de/products/winning-boxing-gloves-silver-black-purple
/es/products/winning-boxing-gloves-silver-black-purple-sparring,/es/products/winning-boxing-gloves-silver-black-purple
/fr/products/winning-boxing-gloves-silver-black-purple-sparring,/fr/products/winning-boxing-gloves-silver-black-purple
/it/products/winning-boxing-gloves-silver-black-purple-sparring,/it/products/winning-boxing-gloves-silver-black-purple
/de/products/winning-boxing-gloves-gold-pink-training,/de/products/winning-boxing-gloves-gold-pink
/es/products/winning-boxing-gloves-gold-pink-training,/es/products/winning-boxing-gloves-gold-pink
/fr/products/winning-boxing-gloves-gold-pink-training,/fr/products/winning-boxing-gloves-gold-pink
/it/products/winning-boxing-gloves-gold-pink-training,/it/products/winning-boxing-gloves-gold-pink
/de/products/winning-boxing-gloves-pink-purple-custom-made,/de/products/winning-boxing-gloves-pink-purple
/es/products/winning-boxing-gloves-pink-purple-custom-made,/es/products/winning-boxing-gloves-pink-purple
/fr/products/winning-boxing-gloves-pink-purple-custom-made,/fr/products/winning-boxing-gloves-pink-purple
/it/products/winning-boxing-gloves-pink-purple-custom-made,/it/products/winning-boxing-gloves-pink-purple
/de/products/winning-boxing-gloves-white-blue-secure-fit-leather,/de/products/winning-boxing-gloves-white-blue
/es/products/winning-boxing-gloves-white-blue-secure-fit-leather,/es/products/winning-boxing-gloves-white-blue
/fr/products/winning-boxing-gloves-white-blue-secure-fit-leather,/fr/products/winning-boxing-gloves-white-blue
/it/products/winning-boxing-gloves-white-blue-secure-fit-leather,/it/products/winning-boxing-gloves-white-blue
/de/products/winning-boxing-gloves-white-blue-gold-red-custom-made,/de/products/winning-boxing-gloves-white-blue-gold-red
/es/products/winning-boxing-gloves-white-blue-gold-red-custom-made,/es/products/winning-boxing-gloves-white-blue-gold-red
/fr/products/winning-boxing-gloves-white-blue-gold-red-custom-made,/fr/products/winning-boxing-gloves-white-blue-gold-red
/it/products/winning-boxing-gloves-white-blue-gold-red-custom-made,/it/products/winning-boxing-gloves-white-blue-gold-red
/de/products/winning-boxing-gloves-white-green-red-customizable,/de/products/winning-boxing-gloves-white-green-red
/es/products/winning-boxing-gloves-white-green-red-customizable,/es/products/winning-boxing-gloves-white-green-red
/fr/products/winning-boxing-gloves-white-green-red-customizable,/fr/products/winning-boxing-gloves-white-green-red
/it/products/winning-boxing-gloves-white-green-red-customizable,/it/products/winning-boxing-gloves-white-green-red
/de/products/winning-boxing-gloves-red-white-blue-customizable,/de/products/winning-boxing-gloves-red-white-blue
/es/products/winning-boxing-gloves-red-white-blue-customizable,/es/products/winning-boxing-gloves-red-white-blue
/fr/products/winning-boxing-gloves-red-white-blue-customizable,/fr/products/winning-boxing-gloves-red-white-blue
/it/products/winning-boxing-gloves-red-white-blue-customizable,/it/products/winning-boxing-gloves-red-white-blue
/de/products/winning-boxing-gloves-red-blue-green-yellow-leather,/de/products/winning-boxing-gloves-red-blue-green-yellow
/es/products/winning-boxing-gloves-red-blue-green-yellow-leather,/es/products/winning-boxing-gloves-red-blue-green-yellow
/fr/products/winning-boxing-gloves-red-blue-green-yellow-leather,/fr/products/winning-boxing-gloves-red-blue-green-yellow
/it/products/winning-boxing-gloves-red-blue-green-yellow-leather,/it/products/winning-boxing-gloves-red-blue-green-yellow
/de/products/winning-boxing-gloves-black-white-red-customizable,/de/products/winning-boxing-gloves-black-white-red
/es/products/winning-boxing-gloves-black-white-red-customizable,/es/products/winning-boxing-gloves-black-white-red
/fr/products/winning-boxing-gloves-black-white-red-customizable,/fr/products/winning-boxing-gloves-black-white-red
/it/products/winning-boxing-gloves-black-white-red-customizable,/it/products/winning-boxing-gloves-black-white-red
/de/products/winning-boxing-gloves-black-orange-lace-up-training,/de/products/winning-boxing-gloves-black-orange
/es/products/winning-boxing-gloves-black-orange-lace-up-training,/es/products/winning-boxing-gloves-black-orange
/fr/products/winning-boxing-gloves-black-orange-lace-up-training,/fr/products/winning-boxing-gloves-black-orange
/it/products/winning-boxing-gloves-black-orange-lace-up-training,/it/products/winning-boxing-gloves-black-orange
/de/products/winning-boxing-gloves-white-red-blue-durable-leather,/de/products/winning-boxing-gloves-white-red-blue
/es/products/winning-boxing-gloves-white-red-blue-durable-leather,/es/products/winning-boxing-gloves-white-red-blue
/fr/products/winning-boxing-gloves-white-red-blue-durable-leather,/fr/products/winning-boxing-gloves-white-red-blue
/it/products/winning-boxing-gloves-white-red-blue-durable-leather,/it/products/winning-boxing-gloves-white-red-blue
/de/products/winning-boxing-gloves-silver-black-comfort-leather,/de/products/winning-boxing-gloves-silver-black
/es/products/winning-boxing-gloves-silver-black-comfort-leather,/es/products/winning-boxing-gloves-silver-black
/fr/products/winning-boxing-gloves-silver-black-comfort-leather,/fr/products/winning-boxing-gloves-silver-black
/it/products/winning-boxing-gloves-silver-black-comfort-leather,/it/products/winning-boxing-gloves-silver-black
/de/products/winning-boxing-gloves-silver-white-lace-up-training,/de/products/winning-boxing-gloves-silver-white
/es/products/winning-boxing-gloves-silver-white-lace-up-training,/es/products/winning-boxing-gloves-silver-white
/fr/products/winning-boxing-gloves-silver-white-lace-up-training,/fr/products/winning-boxing-gloves-silver-white
/it/products/winning-boxing-gloves-silver-white-lace-up-training,/it/products/winning-boxing-gloves-silver-white
/de/products/winning-boxing-gloves-silver-black-velcro-12oz,/de/products/winning-boxing-gloves-black-silver
/es/products/winning-boxing-gloves-silver-black-velcro-12oz,/es/products/winning-boxing-gloves-black-silver
/fr/products/winning-boxing-gloves-silver-black-velcro-12oz,/fr/products/winning-boxing-gloves-black-silver
/it/products/winning-boxing-gloves-silver-black-velcro-12oz,/it/products/winning-boxing-gloves-black-silver
/de/products/winning-boxing-gloves-orange-grey-durable-leather,/de/products/winning-boxing-gloves-orange-grey
/es/products/winning-boxing-gloves-orange-grey-durable-leather,/es/products/winning-boxing-gloves-orange-grey
/fr/products/winning-boxing-gloves-orange-grey-durable-leather,/fr/products/winning-boxing-gloves-orange-grey
/it/products/winning-boxing-gloves-orange-grey-durable-leather,/it/products/winning-boxing-gloves-orange-grey
/de/products/winning-boxing-gloves-white-red-blue-sparring,/de/products/winning-boxing-gloves-red-white-panel
/es/products/winning-boxing-gloves-white-red-blue-sparring,/es/products/winning-boxing-gloves-red-white-panel
/fr/products/winning-boxing-gloves-white-red-blue-sparring,/fr/products/winning-boxing-gloves-red-white-panel
/it/products/winning-boxing-gloves-white-red-blue-sparring,/it/products/winning-boxing-gloves-red-white-panel
/de/products/winning-ms600-metallic-gold-lace-up-boxing-gloves,/de/products/winning-boxing-gloves-metallic-gold
/es/products/winning-ms600-metallic-gold-lace-up-boxing-gloves,/es/products/winning-boxing-gloves-metallic-gold
/fr/products/winning-ms600-metallic-gold-lace-up-boxing-gloves,/fr/products/winning-boxing-gloves-metallic-gold
/it/products/winning-ms600-metallic-gold-lace-up-boxing-gloves,/it/products/winning-boxing-gloves-metallic-gold
/de/products/winning-ms600-vibrant-orange-lace-up-boxing-gloves,/de/products/winning-boxing-gloves-orange
/es/products/winning-ms600-vibrant-orange-lace-up-boxing-gloves,/es/products/winning-boxing-gloves-orange
/fr/products/winning-ms600-vibrant-orange-lace-up-boxing-gloves,/fr/products/winning-boxing-gloves-orange
/it/products/winning-ms600-vibrant-orange-lace-up-boxing-gloves,/it/products/winning-boxing-gloves-orange
/de/products/winning-ms600-purple-lace-up-boxing-gloves,/de/products/winning-boxing-gloves-purple
/es/products/winning-ms600-purple-lace-up-boxing-gloves,/es/products/winning-boxing-gloves-purple
/fr/products/winning-ms600-purple-lace-up-boxing-gloves,/fr/products/winning-boxing-gloves-purple
/it/products/winning-ms600-purple-lace-up-boxing-gloves,/it/products/winning-boxing-gloves-purple
/de/products/winning-ms600-olive-green-lace-up-boxing-gloves,/de/products/winning-boxing-gloves-olive-green
/es/products/winning-ms600-olive-green-lace-up-boxing-gloves,/es/products/winning-boxing-gloves-olive-green
/fr/products/winning-ms600-olive-green-lace-up-boxing-gloves,/fr/products/winning-boxing-gloves-olive-green
/it/products/winning-ms600-olive-green-lace-up-boxing-gloves,/it/products/winning-boxing-gloves-olive-green
/de/products/winning-gray-black-professional-lace-up-boxing-gloves,/de/products/winning-boxing-gloves-gray-black
/es/products/winning-gray-black-professional-lace-up-boxing-gloves,/es/products/winning-boxing-gloves-gray-black
/fr/products/winning-gray-black-professional-lace-up-boxing-gloves,/fr/products/winning-boxing-gloves-gray-black
/it/products/winning-gray-black-professional-lace-up-boxing-gloves,/it/products/winning-boxing-gloves-gray-black
/de/products/winning-royal-blue-professional-lace-up-boxing-gloves,/de/products/winning-boxing-gloves-royal-blue
/es/products/winning-royal-blue-professional-lace-up-boxing-gloves,/es/products/winning-boxing-gloves-royal-blue
/fr/products/winning-royal-blue-professional-lace-up-boxing-gloves,/fr/products/winning-boxing-gloves-royal-blue
/it/products/winning-royal-blue-professional-lace-up-boxing-gloves,/it/products/winning-boxing-gloves-royal-blue
/de/products/winning-yellow-professional-lace-up-boxing-gloves,/de/products/winning-boxing-gloves-yellow
/es/products/winning-yellow-professional-lace-up-boxing-gloves,/es/products/winning-boxing-gloves-yellow
/fr/products/winning-yellow-professional-lace-up-boxing-gloves,/fr/products/winning-boxing-gloves-yellow
/it/products/winning-yellow-professional-lace-up-boxing-gloves,/it/products/winning-boxing-gloves-yellow
/de/products/winning-classic-red-lace-up-boxing-gloves,/de/products/winning-boxing-gloves-red
/es/products/winning-classic-red-lace-up-boxing-gloves,/es/products/winning-boxing-gloves-red
/fr/products/winning-classic-red-lace-up-boxing-gloves,/fr/products/winning-boxing-gloves-red
/it/products/winning-classic-red-lace-up-boxing-gloves,/it/products/winning-boxing-gloves-red
/de/products/winning-ms600-black-lace-up-boxing-gloves,/de/products/winning-boxing-gloves-black
/es/products/winning-ms600-black-lace-up-boxing-gloves,/es/products/winning-boxing-gloves-black
/fr/products/winning-ms600-black-lace-up-boxing-gloves,/fr/products/winning-boxing-gloves-black
/it/products/winning-ms600-black-lace-up-boxing-gloves,/it/products/winning-boxing-gloves-black
/de/products/winning-ms600-classic-pink-lace-up-boxing-gloves,/de/products/winning-boxing-gloves-pink
/es/products/winning-ms600-classic-pink-lace-up-boxing-gloves,/es/products/winning-boxing-gloves-pink
/fr/products/winning-ms600-classic-pink-lace-up-boxing-gloves,/fr/products/winning-boxing-gloves-pink
/it/products/winning-ms600-classic-pink-lace-up-boxing-gloves,/it/products/winning-boxing-gloves-pink
/de/products/winning-ms600-navy-blue-lace-up-boxing-gloves,/de/products/winning-boxing-gloves-navy-blue
/es/products/winning-ms600-navy-blue-lace-up-boxing-gloves,/es/products/winning-boxing-gloves-navy-blue
/fr/products/winning-ms600-navy-blue-lace-up-boxing-gloves,/fr/products/winning-boxing-gloves-navy-blue
/it/products/winning-ms600-navy-blue-lace-up-boxing-gloves,/it/products/winning-boxing-gloves-navy-blue
/de/products/winning-ms600-metallic-gray-purple-custom-boxing-gloves,/de/products/winning-boxing-gloves-metallic-gray-purple
/es/products/winning-ms600-metallic-gray-purple-custom-boxing-gloves,/es/products/winning-boxing-gloves-metallic-gray-purple
/fr/products/winning-ms600-metallic-gray-purple-custom-boxing-gloves,/fr/products/winning-boxing-gloves-metallic-gray-purple
/it/products/winning-ms600-metallic-gray-purple-custom-boxing-gloves,/it/products/winning-boxing-gloves-metallic-gray-purple
/de/products/winning-forest-green-gold-elite-edition-boxing-gloves,/de/products/winning-boxing-gloves-forest-green-gold
/es/products/winning-forest-green-gold-elite-edition-boxing-gloves,/es/products/winning-boxing-gloves-forest-green-gold
/fr/products/winning-forest-green-gold-elite-edition-boxing-gloves,/fr/products/winning-boxing-gloves-forest-green-gold
/it/products/winning-forest-green-gold-elite-edition-boxing-gloves,/it/products/winning-boxing-gloves-forest-green-gold
/de/products/winning-custom-royal-purple-gold-lace-up-boxing-gloves,/de/products/winning-boxing-gloves-royal-purple-gold
/es/products/winning-custom-royal-purple-gold-lace-up-boxing-gloves,/es/products/winning-boxing-gloves-royal-purple-gold
/fr/products/winning-custom-royal-purple-gold-lace-up-boxing-gloves,/fr/products/winning-boxing-gloves-royal-purple-gold
/it/products/winning-custom-royal-purple-gold-lace-up-boxing-gloves,/it/products/winning-boxing-gloves-royal-purple-gold
/de/products/winning-ms600-dark-green-elite-lace-up-boxing-gloves,/de/products/winning-boxing-gloves-dark-green
/es/products/winning-ms600-dark-green-elite-lace-up-boxing-gloves,/es/products/winning-boxing-gloves-dark-green
/fr/products/winning-ms600-dark-green-elite-lace-up-boxing-gloves,/fr/products/winning-boxing-gloves-dark-green
/it/products/winning-ms600-dark-green-elite-lace-up-boxing-gloves,/it/products/winning-boxing-gloves-dark-green
/de/products/winning-ms500-grey-black-white-lace-up-boxing-gloves,/de/products/winning-boxing-gloves-grey-black-white
/es/products/winning-ms500-grey-black-white-lace-up-boxing-gloves,/es/products/winning-boxing-gloves-grey-black-white
/fr/products/winning-ms500-grey-black-white-lace-up-boxing-gloves,/fr/products/winning-boxing-gloves-grey-black-white
/it/products/winning-ms500-grey-black-white-lace-up-boxing-gloves,/it/products/winning-boxing-gloves-grey-black-white
/de/products/winning-ms300-maroon-lace-up-boxing-gloves,/de/products/winning-boxing-gloves-maroon
/es/products/winning-ms300-maroon-lace-up-boxing-gloves,/es/products/winning-boxing-gloves-maroon
/fr/products/winning-ms300-maroon-lace-up-boxing-gloves,/fr/products/winning-boxing-gloves-maroon
/it/products/winning-ms300-maroon-lace-up-boxing-gloves,/it/products/winning-boxing-gloves-maroon
/de/products/winning-ms600b-black-yellow-velcro-boxing-gloves,/de/products/winning-boxing-gloves-black-yellow
/es/products/winning-ms600b-black-yellow-velcro-boxing-gloves,/es/products/winning-boxing-gloves-black-yellow
/fr/products/winning-ms600b-black-yellow-velcro-boxing-gloves,/fr/products/winning-boxing-gloves-black-yellow
/it/products/winning-ms600b-black-yellow-velcro-boxing-gloves,/it/products/winning-boxing-gloves-black-yellow
/de/products/winning-ms600b-red-white-velcro-boxing-gloves,/de/products/winning-boxing-gloves-red-white
/es/products/winning-ms600b-red-white-velcro-boxing-gloves,/es/products/winning-boxing-gloves-red-white
/fr/products/winning-ms600b-red-white-velcro-boxing-gloves,/fr/products/winning-boxing-gloves-red-white
/it/products/winning-ms600b-red-white-velcro-boxing-gloves,/it/products/winning-boxing-gloves-red-white
/de/products/no-boxing-no-life-red-black-boxing-gloves-8oz-16oz,/de/products/red-black-leather-pro-training-boxing-gloves
/es/products/no-boxing-no-life-red-black-boxing-gloves-8oz-16oz,/es/products/red-black-leather-pro-training-boxing-gloves
/fr/products/no-boxing-no-life-red-black-boxing-gloves-8oz-16oz,/fr/products/red-black-leather-pro-training-boxing-gloves
/it/products/no-boxing-no-life-red-black-boxing-gloves-8oz-16oz,/it/products/red-black-leather-pro-training-boxing-gloves
/de/products/no-boxing-no-life-metallic-pink-silver-boxing-gloves-8oz-16oz,/de/products/metallic-pink-silver-boxing-gloves
/es/products/no-boxing-no-life-metallic-pink-silver-boxing-gloves-8oz-16oz,/es/products/metallic-pink-silver-boxing-gloves
/fr/products/no-boxing-no-life-metallic-pink-silver-boxing-gloves-8oz-16oz,/fr/products/metallic-pink-silver-boxing-gloves
/it/products/no-boxing-no-life-metallic-pink-silver-boxing-gloves-8oz-16oz,/it/products/metallic-pink-silver-boxing-gloves
/de/products/no-boxing-no-life-mexican-flag-grizzly-boxing-gloves-8oz-16oz,/de/products/flag-bear-boxing-gloves-black-gold
/es/products/no-boxing-no-life-mexican-flag-grizzly-boxing-gloves-8oz-16oz,/es/products/flag-bear-boxing-gloves-black-gold
/fr/products/no-boxing-no-life-mexican-flag-grizzly-boxing-gloves-8oz-16oz,/fr/products/flag-bear-boxing-gloves-black-gold
/it/products/no-boxing-no-life-mexican-flag-grizzly-boxing-gloves-8oz-16oz,/it/products/flag-bear-boxing-gloves-black-gold
/de/products/no-boxing-no-life-metallic-red-gold-boxing-gloves-8oz-16oz,/de/products/metallic-red-gold-leather-boxing-gloves
/es/products/no-boxing-no-life-metallic-red-gold-boxing-gloves-8oz-16oz,/es/products/metallic-red-gold-leather-boxing-gloves
/fr/products/no-boxing-no-life-metallic-red-gold-boxing-gloves-8oz-16oz,/fr/products/metallic-red-gold-leather-boxing-gloves
/it/products/no-boxing-no-life-metallic-red-gold-boxing-gloves-8oz-16oz,/it/products/metallic-red-gold-leather-boxing-gloves
/de/products/no-boxing-no-life-maroon-lime-green-grizzly-boxing-gloves-8oz-16oz,/de/products/maroon-lime-green-bear-sparring-gloves
/es/products/no-boxing-no-life-maroon-lime-green-grizzly-boxing-gloves-8oz-16oz,/es/products/maroon-lime-green-bear-sparring-gloves
/fr/products/no-boxing-no-life-maroon-lime-green-grizzly-boxing-gloves-8oz-16oz,/fr/products/maroon-lime-green-bear-sparring-gloves
/it/products/no-boxing-no-life-maroon-lime-green-grizzly-boxing-gloves-8oz-16oz,/it/products/maroon-lime-green-bear-sparring-gloves
/de/products/no-boxing-no-life-white-brown-boxing-gloves-8oz-16oz,/de/products/white-brown-vintage-leather-boxing-gloves
/es/products/no-boxing-no-life-white-brown-boxing-gloves-8oz-16oz,/es/products/white-brown-vintage-leather-boxing-gloves
/fr/products/no-boxing-no-life-white-brown-boxing-gloves-8oz-16oz,/fr/products/white-brown-vintage-leather-boxing-gloves
/it/products/no-boxing-no-life-white-brown-boxing-gloves-8oz-16oz,/it/products/white-brown-vintage-leather-boxing-gloves
/de/products/no-boxing-no-life-iridescent-rose-white-boxing-gloves-8oz-16oz,/de/products/rose-gold-white-iridescent-boxing-gloves
/es/products/no-boxing-no-life-iridescent-rose-white-boxing-gloves-8oz-16oz,/es/products/rose-gold-white-iridescent-boxing-gloves
/fr/products/no-boxing-no-life-iridescent-rose-white-boxing-gloves-8oz-16oz,/fr/products/rose-gold-white-iridescent-boxing-gloves
/it/products/no-boxing-no-life-iridescent-rose-white-boxing-gloves-8oz-16oz,/it/products/rose-gold-white-iridescent-boxing-gloves
/de/products/no-boxing-no-life-blue-silver-grizzly-boxing-gloves-8oz-16oz,/de/products/blue-silver-bear-boxing-gloves
/es/products/no-boxing-no-life-blue-silver-grizzly-boxing-gloves-8oz-16oz,/es/products/blue-silver-bear-boxing-gloves
/fr/products/no-boxing-no-life-blue-silver-grizzly-boxing-gloves-8oz-16oz,/fr/products/blue-silver-bear-boxing-gloves
/it/products/no-boxing-no-life-blue-silver-grizzly-boxing-gloves-8oz-16oz,/it/products/blue-silver-bear-boxing-gloves
/de/products/no-boxing-no-life-black-yellow-grizzly-boxing-gloves-8oz-16oz,/de/products/black-yellow-bear-boxing-gloves
/es/products/no-boxing-no-life-black-yellow-grizzly-boxing-gloves-8oz-16oz,/es/products/black-yellow-bear-boxing-gloves
/fr/products/no-boxing-no-life-black-yellow-grizzly-boxing-gloves-8oz-16oz,/fr/products/black-yellow-bear-boxing-gloves
/it/products/no-boxing-no-life-black-yellow-grizzly-boxing-gloves-8oz-16oz,/it/products/black-yellow-bear-boxing-gloves
/de/products/no-boxing-no-life-yellow-metallic-red-grizzly-boxing-gloves-8oz-16oz,/de/products/yellow-metallic-red-bear-boxing-gloves
/es/products/no-boxing-no-life-yellow-metallic-red-grizzly-boxing-gloves-8oz-16oz,/es/products/yellow-metallic-red-bear-boxing-gloves
/fr/products/no-boxing-no-life-yellow-metallic-red-grizzly-boxing-gloves-8oz-16oz,/fr/products/yellow-metallic-red-bear-boxing-gloves
/it/products/no-boxing-no-life-yellow-metallic-red-grizzly-boxing-gloves-8oz-16oz,/it/products/yellow-metallic-red-bear-boxing-gloves
/de/products/no-boxing-no-life-neon-yellow-metallic-blue-boxing-gloves-8oz-16oz,/de/products/neon-yellow-metallic-blue-boxing-gloves
/es/products/no-boxing-no-life-neon-yellow-metallic-blue-boxing-gloves-8oz-16oz,/es/products/neon-yellow-metallic-blue-boxing-gloves
/fr/products/no-boxing-no-life-neon-yellow-metallic-blue-boxing-gloves-8oz-16oz,/fr/products/neon-yellow-metallic-blue-boxing-gloves
/it/products/no-boxing-no-life-neon-yellow-metallic-blue-boxing-gloves-8oz-16oz,/it/products/neon-yellow-metallic-blue-boxing-gloves
/de/products/no-boxing-no-life-black-metallic-gold-boxing-gloves-8oz-16oz,/de/products/black-metallic-gold-premium-boxing-gloves
/es/products/no-boxing-no-life-black-metallic-gold-boxing-gloves-8oz-16oz,/es/products/black-metallic-gold-premium-boxing-gloves
/fr/products/no-boxing-no-life-black-metallic-gold-boxing-gloves-8oz-16oz,/fr/products/black-metallic-gold-premium-boxing-gloves
/it/products/no-boxing-no-life-black-metallic-gold-boxing-gloves-8oz-16oz,/it/products/black-metallic-gold-premium-boxing-gloves
/de/products/no-boxing-no-life-white-black-boxing-gloves-8oz-16oz,/de/products/white-black-leather-sparring-gloves
/es/products/no-boxing-no-life-white-black-boxing-gloves-8oz-16oz,/es/products/white-black-leather-sparring-gloves
/fr/products/no-boxing-no-life-white-black-boxing-gloves-8oz-16oz,/fr/products/white-black-leather-sparring-gloves
/it/products/no-boxing-no-life-white-black-boxing-gloves-8oz-16oz,/it/products/white-black-leather-sparring-gloves
/de/products/no-boxing-no-life-forest-green-white-gold-boxing-gloves-8oz-16oz,/de/products/forest-green-white-gold-boxing-gloves
/es/products/no-boxing-no-life-forest-green-white-gold-boxing-gloves-8oz-16oz,/es/products/forest-green-white-gold-boxing-gloves
/fr/products/no-boxing-no-life-forest-green-white-gold-boxing-gloves-8oz-16oz,/fr/products/forest-green-white-gold-boxing-gloves
/it/products/no-boxing-no-life-forest-green-white-gold-boxing-gloves-8oz-16oz,/it/products/forest-green-white-gold-boxing-gloves
/de/products/no-boxing-no-life-classic-black-gold-boxing-gloves-8oz-16oz,/de/products/no-boxing-no-life-boxing-gloves-black-gold
/es/products/no-boxing-no-life-classic-black-gold-boxing-gloves-8oz-16oz,/es/products/no-boxing-no-life-boxing-gloves-black-gold
/fr/products/no-boxing-no-life-classic-black-gold-boxing-gloves-8oz-16oz,/fr/products/no-boxing-no-life-boxing-gloves-black-gold
/it/products/no-boxing-no-life-classic-black-gold-boxing-gloves-8oz-16oz,/it/products/no-boxing-no-life-boxing-gloves-black-gold
/de/products/no-boxing-no-life-white-metallic-gold-boxing-gloves-8oz-16oz,/de/products/no-boxing-no-life-boxing-gloves-white-gold
/es/products/no-boxing-no-life-white-metallic-gold-boxing-gloves-8oz-16oz,/es/products/no-boxing-no-life-boxing-gloves-white-gold
/fr/products/no-boxing-no-life-white-metallic-gold-boxing-gloves-8oz-16oz,/fr/products/no-boxing-no-life-boxing-gloves-white-gold
/it/products/no-boxing-no-life-white-metallic-gold-boxing-gloves-8oz-16oz,/it/products/no-boxing-no-life-boxing-gloves-white-gold
/de/products/no-boxing-no-life-white-red-boxing-gloves-8oz-16oz,/de/products/no-boxing-no-life-boxing-gloves-red-white
/es/products/no-boxing-no-life-white-red-boxing-gloves-8oz-16oz,/es/products/no-boxing-no-life-boxing-gloves-red-white
/fr/products/no-boxing-no-life-white-red-boxing-gloves-8oz-16oz,/fr/products/no-boxing-no-life-boxing-gloves-red-white
/it/products/no-boxing-no-life-white-red-boxing-gloves-8oz-16oz,/it/products/no-boxing-no-life-boxing-gloves-red-white
/de/products/no-boxing-no-life-metallic-green-gold-boxing-gloves-8oz-16oz,/de/products/no-boxing-no-life-training-gloves-emerald-green-gold
/es/products/no-boxing-no-life-metallic-green-gold-boxing-gloves-8oz-16oz,/es/products/no-boxing-no-life-training-gloves-emerald-green-gold
/fr/products/no-boxing-no-life-metallic-green-gold-boxing-gloves-8oz-16oz,/fr/products/no-boxing-no-life-training-gloves-emerald-green-gold
/it/products/no-boxing-no-life-metallic-green-gold-boxing-gloves-8oz-16oz,/it/products/no-boxing-no-life-training-gloves-emerald-green-gold
/de/products/no-boxing-no-life-green-metallic-gold-boxing-gloves-8oz-16oz,/de/products/no-boxing-no-life-pro-boxing-gloves-green-gold
/es/products/no-boxing-no-life-green-metallic-gold-boxing-gloves-8oz-16oz,/es/products/no-boxing-no-life-pro-boxing-gloves-green-gold
/fr/products/no-boxing-no-life-green-metallic-gold-boxing-gloves-8oz-16oz,/fr/products/no-boxing-no-life-pro-boxing-gloves-green-gold
/it/products/no-boxing-no-life-green-metallic-gold-boxing-gloves-8oz-16oz,/it/products/no-boxing-no-life-pro-boxing-gloves-green-gold
/de/products/no-boxing-no-life-sky-blue-black-boxing-gloves-8oz-16oz,/de/products/no-boxing-no-life-pro-boxing-gloves-blue-black
/es/products/no-boxing-no-life-sky-blue-black-boxing-gloves-8oz-16oz,/es/products/no-boxing-no-life-pro-boxing-gloves-blue-black
/fr/products/no-boxing-no-life-sky-blue-black-boxing-gloves-8oz-16oz,/fr/products/no-boxing-no-life-pro-boxing-gloves-blue-black
/it/products/no-boxing-no-life-sky-blue-black-boxing-gloves-8oz-16oz,/it/products/no-boxing-no-life-pro-boxing-gloves-blue-black
/de/products/sky-blue-black-leather-boxing-gloves,/de/products/no-boxing-no-life-pro-boxing-gloves-blue-black
/es/products/sky-blue-black-leather-boxing-gloves,/es/products/no-boxing-no-life-pro-boxing-gloves-blue-black
/fr/products/sky-blue-black-leather-boxing-gloves,/fr/products/no-boxing-no-life-pro-boxing-gloves-blue-black
/it/products/sky-blue-black-leather-boxing-gloves,/it/products/no-boxing-no-life-pro-boxing-gloves-blue-black
/de/products/dark-green-metallic-gold-punchers-gloves,/de/products/no-boxing-no-life-pro-boxing-gloves-green-gold
/es/products/dark-green-metallic-gold-punchers-gloves,/es/products/no-boxing-no-life-pro-boxing-gloves-green-gold
/fr/products/dark-green-metallic-gold-punchers-gloves,/fr/products/no-boxing-no-life-pro-boxing-gloves-green-gold
/it/products/dark-green-metallic-gold-punchers-gloves,/it/products/no-boxing-no-life-pro-boxing-gloves-green-gold
/de/products/metallic-green-gold-boxing-gloves,/de/products/no-boxing-no-life-training-gloves-emerald-green-gold
/es/products/metallic-green-gold-boxing-gloves,/es/products/no-boxing-no-life-training-gloves-emerald-green-gold
/fr/products/metallic-green-gold-boxing-gloves,/fr/products/no-boxing-no-life-training-gloves-emerald-green-gold
/it/products/metallic-green-gold-boxing-gloves,/it/products/no-boxing-no-life-training-gloves-emerald-green-gold
/de/products/white-red-heavy-bag-sparring-gloves,/de/products/no-boxing-no-life-boxing-gloves-red-white
/es/products/white-red-heavy-bag-sparring-gloves,/es/products/no-boxing-no-life-boxing-gloves-red-white
/fr/products/white-red-heavy-bag-sparring-gloves,/fr/products/no-boxing-no-life-boxing-gloves-red-white
/it/products/white-red-heavy-bag-sparring-gloves,/it/products/no-boxing-no-life-boxing-gloves-red-white
/de/products/white-metallic-gold-boxing-gloves,/de/products/no-boxing-no-life-boxing-gloves-white-gold
/es/products/white-metallic-gold-boxing-gloves,/es/products/no-boxing-no-life-boxing-gloves-white-gold
/fr/products/white-metallic-gold-boxing-gloves,/fr/products/no-boxing-no-life-boxing-gloves-white-gold
/it/products/white-metallic-gold-boxing-gloves,/it/products/no-boxing-no-life-boxing-gloves-white-gold
/de/products/classic-black-gold-trim-boxing-gloves,/de/products/no-boxing-no-life-boxing-gloves-black-gold
/es/products/classic-black-gold-trim-boxing-gloves,/es/products/no-boxing-no-life-boxing-gloves-black-gold
/fr/products/classic-black-gold-trim-boxing-gloves,/fr/products/no-boxing-no-life-boxing-gloves-black-gold
/it/products/classic-black-gold-trim-boxing-gloves,/it/products/no-boxing-no-life-boxing-gloves-black-gold
/de/products/nike-hyperko-1-boxing-boots-black-gold-us6-12,/de/products/nike-hyperko-1-boxing-shoes-black-gold
/es/products/nike-hyperko-1-boxing-boots-black-gold-us6-12,/es/products/nike-hyperko-1-boxing-shoes-black-gold
/fr/products/nike-hyperko-1-boxing-boots-black-gold-us6-12,/fr/products/nike-hyperko-1-boxing-shoes-black-gold
/it/products/nike-hyperko-1-boxing-boots-black-gold-us6-12,/it/products/nike-hyperko-1-boxing-shoes-black-gold
/de/products/nike-hyperko-1-boxing-boots-white-metallic-gold-us6-12,/de/products/nike-hyperko-1-boxing-shoes-white-gold
/es/products/nike-hyperko-1-boxing-boots-white-metallic-gold-us6-12,/es/products/nike-hyperko-1-boxing-shoes-white-gold
/fr/products/nike-hyperko-1-boxing-boots-white-metallic-gold-us6-12,/fr/products/nike-hyperko-1-boxing-shoes-white-gold
/it/products/nike-hyperko-1-boxing-boots-white-metallic-gold-us6-12,/it/products/nike-hyperko-1-boxing-shoes-white-gold
/de/products/nike-hyperko-1-boxing-boots-white-red-usa,/de/products/nike-hyperko-1-boxing-shoes-white-red-usa
/es/products/nike-hyperko-1-boxing-boots-white-red-usa,/es/products/nike-hyperko-1-boxing-shoes-white-red-usa
/fr/products/nike-hyperko-1-boxing-boots-white-red-usa,/fr/products/nike-hyperko-1-boxing-shoes-white-red-usa
/it/products/nike-hyperko-1-boxing-boots-white-red-usa,/it/products/nike-hyperko-1-boxing-shoes-white-red-usa
/de/products/y,/de/products/products-nike-hyperko-boxing-shoes-volt-neon-yellow
/es/products/y,/es/products/products-nike-hyperko-boxing-shoes-volt-neon-yellow
/fr/products/y,/fr/products/products-nike-hyperko-boxing-shoes-volt-neon-yellow
/it/products/y,/it/products/products-nike-hyperko-boxing-shoes-volt-neon-yellow
/de/products/nike-hyperko-2-boxing-shoes-white-black-us6-12,/de/products/nike-hyperko-3-boxing-shoes-white-black-us6-12
/es/products/nike-hyperko-2-boxing-shoes-white-black-us6-12,/es/products/nike-hyperko-3-boxing-shoes-white-black-us6-12
/fr/products/nike-hyperko-2-boxing-shoes-white-black-us6-12,/fr/products/nike-hyperko-3-boxing-shoes-white-black-us6-12
/it/products/nike-hyperko-2-boxing-shoes-white-black-us6-12,/it/products/nike-hyperko-3-boxing-shoes-white-black-us6-12
/de/pages/contact-us,/de/pages/contact
/es/pages/contact-us,/es/pages/contact
/fr/pages/contact-us,/fr/pages/contact
/it/pages/contact-us,/it/pages/contact
/de/products/winning-ms600-custom-royal-purple-gloves,/de/collections/winning-boxing-gloves
/es/products/winning-ms600-custom-royal-purple-gloves,/es/collections/winning-boxing-gloves
/fr/products/winning-ms600-custom-royal-purple-gloves,/fr/collections/winning-boxing-gloves
/it/products/winning-ms600-custom-royal-purple-gloves,/it/collections/winning-boxing-gloves
/de/products/winning-ms600-custom-vibrant-orange-16oz-gloves,/de/products/winning-boxing-gloves-orange
/es/products/winning-ms600-custom-vibrant-orange-16oz-gloves,/es/products/winning-boxing-gloves-orange
/fr/products/winning-ms600-custom-vibrant-orange-16oz-gloves,/fr/products/winning-boxing-gloves-orange
/it/products/winning-ms600-custom-vibrant-orange-16oz-gloves,/it/products/winning-boxing-gloves-orange
/de/products/winning-official-boxing-sparring-set-16-oz-lace-up-gloves-headgear-groin-protector-gray,/de/products/winning-3-piece-boxing-sparring-set-gray-8oz-16oz
/es/products/winning-official-boxing-sparring-set-16-oz-lace-up-gloves-headgear-groin-protector-gray,/es/products/winning-3-piece-boxing-sparring-set-gray-8oz-16oz
/fr/products/winning-official-boxing-sparring-set-16-oz-lace-up-gloves-headgear-groin-protector-gray,/fr/products/winning-3-piece-boxing-sparring-set-gray-8oz-16oz
/it/products/winning-official-boxing-sparring-set-16-oz-lace-up-gloves-headgear-groin-protector-gray,/it/products/winning-3-piece-boxing-sparring-set-gray-8oz-16oz
/de/products/winning-ms600-custom-metallic-gold-16oz-gloves,/de/products/winning-boxing-gloves-metallic-gold
/es/products/winning-ms600-custom-metallic-gold-16oz-gloves,/es/products/winning-boxing-gloves-metallic-gold
/fr/products/winning-ms600-custom-metallic-gold-16oz-gloves,/fr/products/winning-boxing-gloves-metallic-gold
/it/products/winning-ms600-custom-metallic-gold-16oz-gloves,/it/products/winning-boxing-gloves-metallic-gold
/de/products/nike-hyperko-1-boxing-boots-black-gold,/de/products/nike-hyperko-1-boxing-shoes-black-gold
/es/products/nike-hyperko-1-boxing-boots-black-gold,/es/products/nike-hyperko-1-boxing-shoes-black-gold
/fr/products/nike-hyperko-1-boxing-boots-black-gold,/fr/products/nike-hyperko-1-boxing-shoes-black-gold
/it/products/nike-hyperko-1-boxing-boots-black-gold,/it/products/nike-hyperko-1-boxing-shoes-black-gold
/de/products/winning-custom-boxing-sparring-set-16-oz-lace-up-gloves-headgear-groin-protector-metallic-gray-purple,/de/products/winning-3-piece-boxing-sparring-set-metallic-gray-purple-8oz-16oz
/es/products/winning-custom-boxing-sparring-set-16-oz-lace-up-gloves-headgear-groin-protector-metallic-gray-purple,/es/products/winning-3-piece-boxing-sparring-set-metallic-gray-purple-8oz-16oz
/fr/products/winning-custom-boxing-sparring-set-16-oz-lace-up-gloves-headgear-groin-protector-metallic-gray-purple,/fr/products/winning-3-piece-boxing-sparring-set-metallic-gray-purple-8oz-16oz
/it/products/winning-custom-boxing-sparring-set-16-oz-lace-up-gloves-headgear-groin-protector-metallic-gray-purple,/it/products/winning-3-piece-boxing-sparring-set-metallic-gray-purple-8oz-16oz
/de/products/cleto-reyes-official-hook-and-loop-training-boxing-gloves-white-gold-metallic,/de/products/cleto-reyes-white-gold-metallic-boxing-gloves-8oz-16oz
/es/products/cleto-reyes-official-hook-and-loop-training-boxing-gloves-white-gold-metallic,/es/products/cleto-reyes-white-gold-metallic-boxing-gloves-8oz-16oz
/fr/products/cleto-reyes-official-hook-and-loop-training-boxing-gloves-white-gold-metallic,/fr/products/cleto-reyes-white-gold-metallic-boxing-gloves-8oz-16oz
/it/products/cleto-reyes-official-hook-and-loop-training-boxing-gloves-white-gold-metallic,/it/products/cleto-reyes-white-gold-metallic-boxing-gloves-8oz-16oz
/de/products/nike-hyperko-2-boxing-shoes-white-bright-crimson,/de/products/nike-hyperko-2-boxing-shoes-white-bright-crimson-us6-12
/es/products/nike-hyperko-2-boxing-shoes-white-bright-crimson,/es/products/nike-hyperko-2-boxing-shoes-white-bright-crimson-us6-12
/fr/products/nike-hyperko-2-boxing-shoes-white-bright-crimson,/fr/products/nike-hyperko-2-boxing-shoes-white-bright-crimson-us6-12
/it/products/nike-hyperko-2-boxing-shoes-white-bright-crimson,/it/products/nike-hyperko-2-boxing-shoes-white-bright-crimson-us6-12
/de/products/no-boxing-no-life-custom-3-piece-sparring-set-half-black-white,/de/products/no-boxing-no-life-3-piece-sparring-set-half-black-white-8oz-16oz
/es/products/no-boxing-no-life-custom-3-piece-sparring-set-half-black-white,/es/products/no-boxing-no-life-3-piece-sparring-set-half-black-white-8oz-16oz
/fr/products/no-boxing-no-life-custom-3-piece-sparring-set-half-black-white,/fr/products/no-boxing-no-life-3-piece-sparring-set-half-black-white-8oz-16oz
/it/products/no-boxing-no-life-custom-3-piece-sparring-set-half-black-white,/it/products/no-boxing-no-life-3-piece-sparring-set-half-black-white-8oz-16oz
/de/products/nike-hyperko-2-boxing-shoes-blue-white-yellow,/de/products/nike-hyperko-2-boxing-shoes-blue-white-yellow-us6-12
/es/products/nike-hyperko-2-boxing-shoes-blue-white-yellow,/es/products/nike-hyperko-2-boxing-shoes-blue-white-yellow-us6-12
/fr/products/nike-hyperko-2-boxing-shoes-blue-white-yellow,/fr/products/nike-hyperko-2-boxing-shoes-blue-white-yellow-us6-12
/it/products/nike-hyperko-2-boxing-shoes-blue-white-yellow,/it/products/nike-hyperko-2-boxing-shoes-blue-white-yellow-us6-12
/de/products/cleto-reyes-official-3-piece-sparring-set-metallic-silver,/de/products/cleto-reyes-3-piece-sparring-set-pure-silver-8oz-16oz
/es/products/cleto-reyes-official-3-piece-sparring-set-metallic-silver,/es/products/cleto-reyes-3-piece-sparring-set-pure-silver-8oz-16oz
/fr/products/cleto-reyes-official-3-piece-sparring-set-metallic-silver,/fr/products/cleto-reyes-3-piece-sparring-set-pure-silver-8oz-16oz
/it/products/cleto-reyes-official-3-piece-sparring-set-metallic-silver,/it/products/cleto-reyes-3-piece-sparring-set-pure-silver-8oz-16oz
/de/products/winning-custom-3-piece-sparring-set-metallic-royal-blue-silver-split,/de/collections/winning-boxing-sets
/es/products/winning-custom-3-piece-sparring-set-metallic-royal-blue-silver-split,/es/collections/winning-boxing-sets
/fr/products/winning-custom-3-piece-sparring-set-metallic-royal-blue-silver-split,/fr/collections/winning-boxing-sets
/it/products/winning-custom-3-piece-sparring-set-metallic-royal-blue-silver-split,/it/collections/winning-boxing-sets
/de/products/winning-ms-600-official-lace-up-training-boxing-gloves-white,/de/products/winning-boxing-gloves-white
/es/products/winning-ms-600-official-lace-up-training-boxing-gloves-white,/es/products/winning-boxing-gloves-white
/fr/products/winning-ms-600-official-lace-up-training-boxing-gloves-white,/fr/products/winning-boxing-gloves-white
/it/products/winning-ms-600-official-lace-up-training-boxing-gloves-white,/it/products/winning-boxing-gloves-white
/de/products/nike-tawa-boxing-wrestling-shoes-bright-crimson-black,/de/products/nike-tawa-combat-shoes-bright-crimson-black-us6-12
/es/products/nike-tawa-boxing-wrestling-shoes-bright-crimson-black,/es/products/nike-tawa-combat-shoes-bright-crimson-black-us6-12
/fr/products/nike-tawa-boxing-wrestling-shoes-bright-crimson-black,/fr/products/nike-tawa-combat-shoes-bright-crimson-black-us6-12
/it/products/nike-tawa-boxing-wrestling-shoes-bright-crimson-black,/it/products/nike-tawa-combat-shoes-bright-crimson-black-us6-12
/de/products/winning-boxing-sparring-set-white,/de/products/winning-3-piece-boxing-sparring-set-classic-white-8oz-16oz
/es/products/winning-boxing-sparring-set-white,/es/products/winning-3-piece-boxing-sparring-set-classic-white-8oz-16oz
/fr/products/winning-boxing-sparring-set-white,/fr/products/winning-3-piece-boxing-sparring-set-classic-white-8oz-16oz
/it/products/winning-boxing-sparring-set-white,/it/products/winning-3-piece-boxing-sparring-set-classic-white-8oz-16oz
/de/products/cleto-reyes-official-hook-and-loop-training-boxing-gloves-black-gold-metallic,/de/products/cleto-reyes-black-gold-metallic-boxing-gloves-8oz-16oz
/es/products/cleto-reyes-official-hook-and-loop-training-boxing-gloves-black-gold-metallic,/es/products/cleto-reyes-black-gold-metallic-boxing-gloves-8oz-16oz
/fr/products/cleto-reyes-official-hook-and-loop-training-boxing-gloves-black-gold-metallic,/fr/products/cleto-reyes-black-gold-metallic-boxing-gloves-8oz-16oz
/it/products/cleto-reyes-official-hook-and-loop-training-boxing-gloves-black-gold-metallic,/it/products/cleto-reyes-black-gold-metallic-boxing-gloves-8oz-16oz
/de/products/no-boxing-no-life-custom-3-piece-sparring-set-black-gold,/de/products/no-boxing-no-life-3-piece-sparring-set-metallic-gold-black-8oz-16oz
/es/products/no-boxing-no-life-custom-3-piece-sparring-set-black-gold,/es/products/no-boxing-no-life-3-piece-sparring-set-metallic-gold-black-8oz-16oz
/fr/products/no-boxing-no-life-custom-3-piece-sparring-set-black-gold,/fr/products/no-boxing-no-life-3-piece-sparring-set-metallic-gold-black-8oz-16oz
/it/products/no-boxing-no-life-custom-3-piece-sparring-set-black-gold,/it/products/no-boxing-no-life-3-piece-sparring-set-metallic-gold-black-8oz-16oz
/de/products/winning-professional-lace-up-boxing-gloves-custom-gray-black,/de/products/winning-boxing-gloves-gray-black
/es/products/winning-professional-lace-up-boxing-gloves-custom-gray-black,/es/products/winning-boxing-gloves-gray-black
/fr/products/winning-professional-lace-up-boxing-gloves-custom-gray-black,/fr/products/winning-boxing-gloves-gray-black
/it/products/winning-professional-lace-up-boxing-gloves-custom-gray-black,/it/products/winning-boxing-gloves-gray-black
/de/products/winning-boxing-sparring-set-gold-tan,/de/products/winning-3-piece-boxing-sparring-set-gold-tan-8oz-16oz
/es/products/winning-boxing-sparring-set-gold-tan,/es/products/winning-3-piece-boxing-sparring-set-gold-tan-8oz-16oz
/fr/products/winning-boxing-sparring-set-gold-tan,/fr/products/winning-3-piece-boxing-sparring-set-gold-tan-8oz-16oz
/it/products/winning-boxing-sparring-set-gold-tan,/it/products/winning-3-piece-boxing-sparring-set-gold-tan-8oz-16oz
/de/products/winning-japan-professional-compact-curved-focus-mitts-cm-10-classic-red-black,/de/products/winning-cm10-focus-mitts-red-black
/es/products/winning-japan-professional-compact-curved-focus-mitts-cm-10-classic-red-black,/es/products/winning-cm10-focus-mitts-red-black
/fr/products/winning-japan-professional-compact-curved-focus-mitts-cm-10-classic-red-black,/fr/products/winning-cm10-focus-mitts-red-black
/it/products/winning-japan-professional-compact-curved-focus-mitts-cm-10-classic-red-black,/it/products/winning-cm10-focus-mitts-red-black
/de/products/nbnl-custom-matte-black-sparring-set,/de/products/no-boxing-no-life-3-piece-sparring-set-matte-black-8oz-16oz
/es/products/nbnl-custom-matte-black-sparring-set,/es/products/no-boxing-no-life-3-piece-sparring-set-matte-black-8oz-16oz
/fr/products/nbnl-custom-matte-black-sparring-set,/fr/products/no-boxing-no-life-3-piece-sparring-set-matte-black-8oz-16oz
/it/products/nbnl-custom-matte-black-sparring-set,/it/products/no-boxing-no-life-3-piece-sparring-set-matte-black-8oz-16oz
/de/products/winning-boxing-sparring-set-red,/de/products/winning-3-piece-boxing-sparring-set-dark-red-8oz-16oz
/es/products/winning-boxing-sparring-set-red,/es/products/winning-3-piece-boxing-sparring-set-dark-red-8oz-16oz
/fr/products/winning-boxing-sparring-set-red,/fr/products/winning-3-piece-boxing-sparring-set-dark-red-8oz-16oz
/it/products/winning-boxing-sparring-set-red,/it/products/winning-3-piece-boxing-sparring-set-dark-red-8oz-16oz
/de/products/nike-hyperko-2-boxing-shoes-white-black,/de/products/nike-hyperko-2-boxing-shoes-black-white-us6-12
/es/products/nike-hyperko-2-boxing-shoes-white-black,/es/products/nike-hyperko-2-boxing-shoes-black-white-us6-12
/fr/products/nike-hyperko-2-boxing-shoes-white-black,/fr/products/nike-hyperko-2-boxing-shoes-black-white-us6-12
/it/products/nike-hyperko-2-boxing-shoes-white-black,/it/products/nike-hyperko-2-boxing-shoes-black-white-us6-12
/de/products/nbnl-custom-sky-blue-black-pro-gloves,/de/collections/boxing-gloves
/es/products/nbnl-custom-sky-blue-black-pro-gloves,/es/collections/boxing-gloves
/fr/products/nbnl-custom-sky-blue-black-pro-gloves,/fr/collections/boxing-gloves
/it/products/nbnl-custom-sky-blue-black-pro-gloves,/it/collections/boxing-gloves
/de/products/nike-hyperko-1-boxing-shoes-black-metallic-silver,/de/products/nike-hyperko-1-boxing-boots-black-metallic-silver-us6-12
/es/products/nike-hyperko-1-boxing-shoes-black-metallic-silver,/es/products/nike-hyperko-1-boxing-boots-black-metallic-silver-us6-12
/fr/products/nike-hyperko-1-boxing-shoes-black-metallic-silver,/fr/products/nike-hyperko-1-boxing-boots-black-metallic-silver-us6-12
/it/products/nike-hyperko-1-boxing-shoes-black-metallic-silver,/it/products/nike-hyperko-1-boxing-boots-black-metallic-silver-us6-12
/de/products/nbnl-custom-purple-black-two-tone-sparring-set,/de/products/no-boxing-no-life-3-piece-sparring-set-purple-black-two-tone-8oz-16oz
/es/products/nbnl-custom-purple-black-two-tone-sparring-set,/es/products/no-boxing-no-life-3-piece-sparring-set-purple-black-two-tone-8oz-16oz
/fr/products/nbnl-custom-purple-black-two-tone-sparring-set,/fr/products/no-boxing-no-life-3-piece-sparring-set-purple-black-two-tone-8oz-16oz
/it/products/nbnl-custom-purple-black-two-tone-sparring-set,/it/products/no-boxing-no-life-3-piece-sparring-set-purple-black-two-tone-8oz-16oz
/de/products/winning-official-lace-up-training-boxing-gloves-red,/de/products/winning-boxing-gloves-red
/es/products/winning-official-lace-up-training-boxing-gloves-red,/es/products/winning-boxing-gloves-red
/fr/products/winning-official-lace-up-training-boxing-gloves-red,/fr/products/winning-boxing-gloves-red
/it/products/winning-official-lace-up-training-boxing-gloves-red,/it/products/winning-boxing-gloves-red
/de/products/winning-professional-lace-up-boxing-gloves-yellow,/de/products/winning-boxing-gloves-yellow
/es/products/winning-professional-lace-up-boxing-gloves-yellow,/es/products/winning-boxing-gloves-yellow
/fr/products/winning-professional-lace-up-boxing-gloves-yellow,/fr/products/winning-boxing-gloves-yellow
/it/products/winning-professional-lace-up-boxing-gloves-yellow,/it/products/winning-boxing-gloves-yellow
/de/products/winning-custom-3-piece-sparring-set-half-metallic-gold-black,/de/products/winning-boxing-set-black-gold-training-gear
/es/products/winning-custom-3-piece-sparring-set-half-metallic-gold-black,/es/products/winning-boxing-set-black-gold-training-gear
/fr/products/winning-custom-3-piece-sparring-set-half-metallic-gold-black,/fr/products/winning-boxing-set-black-gold-training-gear
/it/products/winning-custom-3-piece-sparring-set-half-metallic-gold-black,/it/products/winning-boxing-set-black-gold-training-gear
/de/products/winning-custom-boxing-sparring-set-lace-up-gloves-headgear-groin-protector-metallic-green,/de/products/winning-3-piece-boxing-sparring-set-metallic-green-8oz-16oz
/es/products/winning-custom-boxing-sparring-set-lace-up-gloves-headgear-groin-protector-metallic-green,/es/products/winning-3-piece-boxing-sparring-set-metallic-green-8oz-16oz
/fr/products/winning-custom-boxing-sparring-set-lace-up-gloves-headgear-groin-protector-metallic-green,/fr/products/winning-3-piece-boxing-sparring-set-metallic-green-8oz-16oz
/it/products/winning-custom-boxing-sparring-set-lace-up-gloves-headgear-groin-protector-metallic-green,/it/products/winning-3-piece-boxing-sparring-set-metallic-green-8oz-16oz
/de/products/nike-hyperko-boxing-shoes-red-white,/de/products/nike-hyperko-1-boxing-boots-red-white-us6-12
/es/products/nike-hyperko-boxing-shoes-red-white,/es/products/nike-hyperko-1-boxing-boots-red-white-us6-12
/fr/products/nike-hyperko-boxing-shoes-red-white,/fr/products/nike-hyperko-1-boxing-boots-red-white-us6-12
/it/products/nike-hyperko-boxing-shoes-red-white,/it/products/nike-hyperko-1-boxing-boots-red-white-us6-12
/de/products/no-boxing-no-life-professional-lace-up-boxing-gloves-lavender-metallic-gold-canelo,/de/collections/boxing-gloves
/es/products/no-boxing-no-life-professional-lace-up-boxing-gloves-lavender-metallic-gold-canelo,/es/collections/boxing-gloves
/fr/products/no-boxing-no-life-professional-lace-up-boxing-gloves-lavender-metallic-gold-canelo,/fr/collections/boxing-gloves
/it/products/no-boxing-no-life-professional-lace-up-boxing-gloves-lavender-metallic-gold-canelo,/it/collections/boxing-gloves
/de/products/nbnl-custom-metallic-gold-black-two-tone-sparring-set,/de/products/no-boxing-no-life-3-piece-sparring-set-metallic-gold-black-8oz-16oz
/es/products/nbnl-custom-metallic-gold-black-two-tone-sparring-set,/es/products/no-boxing-no-life-3-piece-sparring-set-metallic-gold-black-8oz-16oz
/fr/products/nbnl-custom-metallic-gold-black-two-tone-sparring-set,/fr/products/no-boxing-no-life-3-piece-sparring-set-metallic-gold-black-8oz-16oz
/it/products/nbnl-custom-metallic-gold-black-two-tone-sparring-set,/it/products/no-boxing-no-life-3-piece-sparring-set-metallic-gold-black-8oz-16oz
/de/products/nike-hyperko-2-boxing-shoes-orange-camo,/de/products/nike-hyperko-2-boxing-shoes-orange-camo-us6-12
/es/products/nike-hyperko-2-boxing-shoes-orange-camo,/es/products/nike-hyperko-2-boxing-shoes-orange-camo-us6-12
/fr/products/nike-hyperko-2-boxing-shoes-orange-camo,/fr/products/nike-hyperko-2-boxing-shoes-orange-camo-us6-12
/it/products/nike-hyperko-2-boxing-shoes-orange-camo,/it/products/nike-hyperko-2-boxing-shoes-orange-camo-us6-12
/de/products/cleto-reyes-official-3-piece-sparring-set-tiger-brown,/de/collections/cleto-reyes-boxing-sets
/es/products/cleto-reyes-official-3-piece-sparring-set-tiger-brown,/es/collections/cleto-reyes-boxing-sets
/fr/products/cleto-reyes-official-3-piece-sparring-set-tiger-brown,/fr/collections/cleto-reyes-boxing-sets
/it/products/cleto-reyes-official-3-piece-sparring-set-tiger-brown,/it/collections/cleto-reyes-boxing-sets
/de/products/nbnl-custom-metallic-red-gold-complete-sparring-set,/de/products/no-boxing-no-life-3-piece-sparring-set-metallic-red-gold-8oz-16oz
/es/products/nbnl-custom-metallic-red-gold-complete-sparring-set,/es/products/no-boxing-no-life-3-piece-sparring-set-metallic-red-gold-8oz-16oz
/fr/products/nbnl-custom-metallic-red-gold-complete-sparring-set,/fr/products/no-boxing-no-life-3-piece-sparring-set-metallic-red-gold-8oz-16oz
/it/products/nbnl-custom-metallic-red-gold-complete-sparring-set,/it/products/no-boxing-no-life-3-piece-sparring-set-metallic-red-gold-8oz-16oz
/de/products/nike-hyperko-2-boxing-shoes-black-white-pro,/de/products/nike-hyperko-2-boxing-shoes-black-white-us6-12
/es/products/nike-hyperko-2-boxing-shoes-black-white-pro,/es/products/nike-hyperko-2-boxing-shoes-black-white-us6-12
/fr/products/nike-hyperko-2-boxing-shoes-black-white-pro,/fr/products/nike-hyperko-2-boxing-shoes-black-white-us6-12
/it/products/nike-hyperko-2-boxing-shoes-black-white-pro,/it/products/nike-hyperko-2-boxing-shoes-black-white-us6-12
/de/products/nbnl-custom-metallic-blue-black-two-tone-sparring-set,/de/products/no-boxing-no-life-3-piece-sparring-set-metallic-blue-black-8oz-16oz
/es/products/nbnl-custom-metallic-blue-black-two-tone-sparring-set,/es/products/no-boxing-no-life-3-piece-sparring-set-metallic-blue-black-8oz-16oz
/fr/products/nbnl-custom-metallic-blue-black-two-tone-sparring-set,/fr/products/no-boxing-no-life-3-piece-sparring-set-metallic-blue-black-8oz-16oz
/it/products/nbnl-custom-metallic-blue-black-two-tone-sparring-set,/it/products/no-boxing-no-life-3-piece-sparring-set-metallic-blue-black-8oz-16oz
/de/products/no-boxing-no-life-professional-lace-up-training-boxing-gloves-pink-white,/de/collections/boxing-gloves
/es/products/no-boxing-no-life-professional-lace-up-training-boxing-gloves-pink-white,/es/collections/boxing-gloves
/fr/products/no-boxing-no-life-professional-lace-up-training-boxing-gloves-pink-white,/fr/collections/boxing-gloves
/it/products/no-boxing-no-life-professional-lace-up-training-boxing-gloves-pink-white,/it/collections/boxing-gloves
/de/products/nbnl-custom-metallic-pink-white-two-tone-sparring-set,/de/products/no-boxing-no-life-3-piece-sparring-set-metallic-pink-white-8oz-16oz
/es/products/nbnl-custom-metallic-pink-white-two-tone-sparring-set,/es/products/no-boxing-no-life-3-piece-sparring-set-metallic-pink-white-8oz-16oz
/fr/products/nbnl-custom-metallic-pink-white-two-tone-sparring-set,/fr/products/no-boxing-no-life-3-piece-sparring-set-metallic-pink-white-8oz-16oz
/it/products/nbnl-custom-metallic-pink-white-two-tone-sparring-set,/it/products/no-boxing-no-life-3-piece-sparring-set-metallic-pink-white-8oz-16oz
/de/products/winning-professional-lace-up-boxing-gloves-royal-blue-10oz,/de/products/winning-boxing-gloves-royal-blue
/es/products/winning-professional-lace-up-boxing-gloves-royal-blue-10oz,/es/products/winning-boxing-gloves-royal-blue
/fr/products/winning-professional-lace-up-boxing-gloves-royal-blue-10oz,/fr/products/winning-boxing-gloves-royal-blue
/it/products/winning-professional-lace-up-boxing-gloves-royal-blue-10oz,/it/products/winning-boxing-gloves-royal-blue
/de/products/nbnl-custom-yellow-black-professional-sparring-set,/de/products/no-boxing-no-life-3-piece-sparring-set-yellow-black-8oz-16oz
/es/products/nbnl-custom-yellow-black-professional-sparring-set,/es/products/no-boxing-no-life-3-piece-sparring-set-yellow-black-8oz-16oz
/fr/products/nbnl-custom-yellow-black-professional-sparring-set,/fr/products/no-boxing-no-life-3-piece-sparring-set-yellow-black-8oz-16oz
/it/products/nbnl-custom-yellow-black-professional-sparring-set,/it/products/no-boxing-no-life-3-piece-sparring-set-yellow-black-8oz-16oz
/de/products/winning-ms-600-official-lace-up-training-boxing-gloves-pink,/de/products/winning-boxing-gloves-pink
/es/products/winning-ms-600-official-lace-up-training-boxing-gloves-pink,/es/products/winning-boxing-gloves-pink
/fr/products/winning-ms-600-official-lace-up-training-boxing-gloves-pink,/fr/products/winning-boxing-gloves-pink
/it/products/winning-ms-600-official-lace-up-training-boxing-gloves-pink,/it/products/winning-boxing-gloves-pink
/de/products/winning-custom-3-piece-sparring-set-british-racing-green,/de/products/winning-3-piece-boxing-sparring-set-metallic-green-8oz-16oz
/es/products/winning-custom-3-piece-sparring-set-british-racing-green,/es/products/winning-3-piece-boxing-sparring-set-metallic-green-8oz-16oz
/fr/products/winning-custom-3-piece-sparring-set-british-racing-green,/fr/products/winning-3-piece-boxing-sparring-set-metallic-green-8oz-16oz
/it/products/winning-custom-3-piece-sparring-set-british-racing-green,/it/products/winning-3-piece-boxing-sparring-set-metallic-green-8oz-16oz
/de/products/no-boxing-no-life-professional-lace-up-gloves-gold-metallic,/de/collections/boxing-gloves
/es/products/no-boxing-no-life-professional-lace-up-gloves-gold-metallic,/es/collections/boxing-gloves
/fr/products/no-boxing-no-life-professional-lace-up-gloves-gold-metallic,/fr/collections/boxing-gloves
/it/products/no-boxing-no-life-professional-lace-up-gloves-gold-metallic,/it/collections/boxing-gloves
/de/products/winning-ms-600-official-lace-up-training-boxing-gloves-black,/de/products/winning-boxing-gloves-black
/es/products/winning-ms-600-official-lace-up-training-boxing-gloves-black,/es/products/winning-boxing-gloves-black
/fr/products/winning-ms-600-official-lace-up-training-boxing-gloves-black,/fr/products/winning-boxing-gloves-black
/it/products/winning-ms-600-official-lace-up-training-boxing-gloves-black,/it/products/winning-boxing-gloves-black
/de/products/winning-cps500-custom-metallic-silver-groinguard,/de/collections/boxing-groin-guards
/es/products/winning-cps500-custom-metallic-silver-groinguard,/es/collections/boxing-groin-guards
/fr/products/winning-cps500-custom-metallic-silver-groinguard,/fr/collections/boxing-groin-guards
/it/products/winning-cps500-custom-metallic-silver-groinguard,/it/collections/boxing-groin-guards
/de/products/nike-hyperko-1-boxing-boots-red-blue,/de/products/nike-hyperko-1-boxing-boots-red-blue-us6-12
/es/products/nike-hyperko-1-boxing-boots-red-blue,/es/products/nike-hyperko-1-boxing-boots-red-blue-us6-12
/fr/products/nike-hyperko-1-boxing-boots-red-blue,/fr/products/nike-hyperko-1-boxing-boots-red-blue-us6-12
/it/products/nike-hyperko-1-boxing-boots-red-blue,/it/products/nike-hyperko-1-boxing-boots-red-blue-us6-12
/de/products/winning-custom-boxing-sparring-set-lace-up-gloves-headgear-groin-protector-metallic-gold-black,/de/products/winning-boxing-set-black-gold-training-gear
/es/products/winning-custom-boxing-sparring-set-lace-up-gloves-headgear-groin-protector-metallic-gold-black,/es/products/winning-boxing-set-black-gold-training-gear
/fr/products/winning-custom-boxing-sparring-set-lace-up-gloves-headgear-groin-protector-metallic-gold-black,/fr/products/winning-boxing-set-black-gold-training-gear
/it/products/winning-custom-boxing-sparring-set-lace-up-gloves-headgear-groin-protector-metallic-gold-black,/it/products/winning-boxing-set-black-gold-training-gear
/de/products/winning-fg2900-headguard-blue,/de/collections/boxing-head-guards
/es/products/winning-fg2900-headguard-blue,/es/collections/boxing-head-guards
/fr/products/winning-fg2900-headguard-blue,/fr/collections/boxing-head-guards
/it/products/winning-fg2900-headguard-blue,/it/collections/boxing-head-guards
/de/products/nike-hyperko-1-boxing-shoes-white-metallic-gold,/de/products/nike-hyperko-1-boxing-shoes-white-gold
/es/products/nike-hyperko-1-boxing-shoes-white-metallic-gold,/es/products/nike-hyperko-1-boxing-shoes-white-gold
/fr/products/nike-hyperko-1-boxing-shoes-white-metallic-gold,/fr/products/nike-hyperko-1-boxing-shoes-white-gold
/it/products/nike-hyperko-1-boxing-shoes-white-metallic-gold,/it/products/nike-hyperko-1-boxing-shoes-white-gold
/de/products/winning-ms-600-custom-lace-up-training-boxing-gloves-orange-black,/de/products/winning-boxing-gloves-black-orange
/es/products/winning-ms-600-custom-lace-up-training-boxing-gloves-orange-black,/es/products/winning-boxing-gloves-black-orange
/fr/products/winning-ms-600-custom-lace-up-training-boxing-gloves-orange-black,/fr/products/winning-boxing-gloves-black-orange
/it/products/winning-ms-600-custom-lace-up-training-boxing-gloves-orange-black,/it/products/winning-boxing-gloves-black-orange
/de/products/winning-ms600-custom-olive-green-gloves,/de/products/winning-boxing-gloves-olive-green
/es/products/winning-ms600-custom-olive-green-gloves,/es/products/winning-boxing-gloves-olive-green
/fr/products/winning-ms600-custom-olive-green-gloves,/fr/products/winning-boxing-gloves-olive-green
/it/products/winning-ms600-custom-olive-green-gloves,/it/products/winning-boxing-gloves-olive-green
/de/products/cleto-reyes-official-hook-and-loop-training-boxing-gloves-orange,/de/products/cleto-reyes-orange-boxing-gloves-8oz-16oz
/es/products/cleto-reyes-official-hook-and-loop-training-boxing-gloves-orange,/es/products/cleto-reyes-orange-boxing-gloves-8oz-16oz
/fr/products/cleto-reyes-official-hook-and-loop-training-boxing-gloves-orange,/fr/products/cleto-reyes-orange-boxing-gloves-8oz-16oz
/it/products/cleto-reyes-official-hook-and-loop-training-boxing-gloves-orange,/it/products/cleto-reyes-orange-boxing-gloves-8oz-16oz
/de/products/winning-ms-600-custom-lace-up-training-boxing-gloves-white-navy-red,/de/collections/winning-boxing-gloves
/es/products/winning-ms-600-custom-lace-up-training-boxing-gloves-white-navy-red,/es/collections/winning-boxing-gloves
/fr/products/winning-ms-600-custom-lace-up-training-boxing-gloves-white-navy-red,/fr/collections/winning-boxing-gloves
/it/products/winning-ms-600-custom-lace-up-training-boxing-gloves-white-navy-red,/it/collections/winning-boxing-gloves
/de/products/no-boxing-no-life-professional-lace-up-gloves-white-metallic-gold,/de/products/no-boxing-no-life-boxing-gloves-white-gold
/es/products/no-boxing-no-life-professional-lace-up-gloves-white-metallic-gold,/es/products/no-boxing-no-life-boxing-gloves-white-gold
/fr/products/no-boxing-no-life-professional-lace-up-gloves-white-metallic-gold,/fr/products/no-boxing-no-life-boxing-gloves-white-gold
/it/products/no-boxing-no-life-professional-lace-up-gloves-white-metallic-gold,/it/products/no-boxing-no-life-boxing-gloves-white-gold
/de/products/nbnl-custom-black-metallic-gold-gloves,/de/products/no-boxing-no-life-boxing-gloves-black-gold
/es/products/nbnl-custom-black-metallic-gold-gloves,/es/products/no-boxing-no-life-boxing-gloves-black-gold
/fr/products/nbnl-custom-black-metallic-gold-gloves,/fr/products/no-boxing-no-life-boxing-gloves-black-gold
/it/products/nbnl-custom-black-metallic-gold-gloves,/it/products/no-boxing-no-life-boxing-gloves-black-gold
/de/products/nbnl-custom-metallic-red-black-sparring-set,/de/products/no-boxing-no-life-3-piece-sparring-set-metallic-red-black-elite-8oz-16oz
/es/products/nbnl-custom-metallic-red-black-sparring-set,/es/products/no-boxing-no-life-3-piece-sparring-set-metallic-red-black-elite-8oz-16oz
/fr/products/nbnl-custom-metallic-red-black-sparring-set,/fr/products/no-boxing-no-life-3-piece-sparring-set-metallic-red-black-elite-8oz-16oz
/it/products/nbnl-custom-metallic-red-black-sparring-set,/it/products/no-boxing-no-life-3-piece-sparring-set-metallic-red-black-elite-8oz-16oz
/de/products/winning-short-cut-boxing-shoes-gold-black,/de/products/winning-short-cut-boxing-boots-metallic-gold-black-us6-12
/es/products/winning-short-cut-boxing-shoes-gold-black,/es/products/winning-short-cut-boxing-boots-metallic-gold-black-us6-12
/fr/products/winning-short-cut-boxing-shoes-gold-black,/fr/products/winning-short-cut-boxing-boots-metallic-gold-black-us6-12
/it/products/winning-short-cut-boxing-shoes-gold-black,/it/products/winning-short-cut-boxing-boots-metallic-gold-black-us6-12
/de/products/winning-ms-600-custom-lace-up-training-boxing-gloves-forest-green-metallic-gold-black,/de/collections/winning-boxing-gloves
/es/products/winning-ms-600-custom-lace-up-training-boxing-gloves-forest-green-metallic-gold-black,/es/collections/winning-boxing-gloves
/fr/products/winning-ms-600-custom-lace-up-training-boxing-gloves-forest-green-metallic-gold-black,/fr/collections/winning-boxing-gloves
/it/products/winning-ms-600-custom-lace-up-training-boxing-gloves-forest-green-metallic-gold-black,/it/collections/winning-boxing-gloves
/de/products/nbnl-custom-blue-gold-two-tone-sparring-set,/de/products/no-boxing-no-life-3-piece-sparring-set-blue-gold-two-tone-8oz-16oz
/es/products/nbnl-custom-blue-gold-two-tone-sparring-set,/es/products/no-boxing-no-life-3-piece-sparring-set-blue-gold-two-tone-8oz-16oz
/fr/products/nbnl-custom-blue-gold-two-tone-sparring-set,/fr/products/no-boxing-no-life-3-piece-sparring-set-blue-gold-two-tone-8oz-16oz
/it/products/nbnl-custom-blue-gold-two-tone-sparring-set,/it/products/no-boxing-no-life-3-piece-sparring-set-blue-gold-two-tone-8oz-16oz
/de/products/winning-custom-boxing-set-lace-up-gloves-headgear-forest-green-yellow,/de/products/winning-boxing-set-yellow-green-durable-leather
/es/products/winning-custom-boxing-set-lace-up-gloves-headgear-forest-green-yellow,/es/products/winning-boxing-set-yellow-green-durable-leather
/fr/products/winning-custom-boxing-set-lace-up-gloves-headgear-forest-green-yellow,/fr/products/winning-boxing-set-yellow-green-durable-leather
/it/products/winning-custom-boxing-set-lace-up-gloves-headgear-forest-green-yellow,/it/products/winning-boxing-set-yellow-green-durable-leather
/de/products/nbnl-custom-black-white-sparring-set,/de/products/no-boxing-no-life-3-piece-sparring-set-half-black-white-8oz-16oz
/es/products/nbnl-custom-black-white-sparring-set,/es/products/no-boxing-no-life-3-piece-sparring-set-half-black-white-8oz-16oz
/fr/products/nbnl-custom-black-white-sparring-set,/fr/products/no-boxing-no-life-3-piece-sparring-set-half-black-white-8oz-16oz
/it/products/nbnl-custom-black-white-sparring-set,/it/products/no-boxing-no-life-3-piece-sparring-set-half-black-white-8oz-16oz
/de/products/no-boxing-no-life-professional-lace-up-gloves-metallic-red,/de/collections/boxing-gloves
/es/products/no-boxing-no-life-professional-lace-up-gloves-metallic-red,/es/collections/boxing-gloves
/fr/products/no-boxing-no-life-professional-lace-up-gloves-metallic-red,/fr/collections/boxing-gloves
/it/products/no-boxing-no-life-professional-lace-up-gloves-metallic-red,/it/collections/boxing-gloves
/de/products/winning-official-boxing-sparring-set-lace-up-gloves-headgear-classic-yellow,/de/products/winning-3-piece-boxing-sparring-set-classic-yellow-8oz-16oz
/es/products/winning-official-boxing-sparring-set-lace-up-gloves-headgear-classic-yellow,/es/products/winning-3-piece-boxing-sparring-set-classic-yellow-8oz-16oz
/fr/products/winning-official-boxing-sparring-set-lace-up-gloves-headgear-classic-yellow,/fr/products/winning-3-piece-boxing-sparring-set-classic-yellow-8oz-16oz
/it/products/winning-official-boxing-sparring-set-lace-up-gloves-headgear-classic-yellow,/it/products/winning-3-piece-boxing-sparring-set-classic-yellow-8oz-16oz
/de/products/winning-cm20-professional-curved-punch-mitts,/de/collections/boxing-focus-mitts-paddles
/es/products/winning-cm20-professional-curved-punch-mitts,/es/collections/boxing-focus-mitts-paddles
/fr/products/winning-cm20-professional-curved-punch-mitts,/fr/collections/boxing-focus-mitts-paddles
/it/products/winning-cm20-professional-curved-punch-mitts,/it/collections/boxing-focus-mitts-paddles
/de/products/nike-hyperko-1-boxing-boots-white-red,/de/products/nike-hyperko-1-boxing-boots-red-white-us6-12
/es/products/nike-hyperko-1-boxing-boots-white-red,/es/products/nike-hyperko-1-boxing-boots-red-white-us6-12
/fr/products/nike-hyperko-1-boxing-boots-white-red,/fr/products/nike-hyperko-1-boxing-boots-red-white-us6-12
/it/products/nike-hyperko-1-boxing-boots-white-red,/it/products/nike-hyperko-1-boxing-boots-red-white-us6-12
/de/products/winning-fg5000-custom-purple-bar-headguard,/de/collections/boxing-head-guards
/es/products/winning-fg5000-custom-purple-bar-headguard,/es/collections/boxing-head-guards
/fr/products/winning-fg5000-custom-purple-bar-headguard,/fr/collections/boxing-head-guards
/it/products/winning-fg5000-custom-purple-bar-headguard,/it/collections/boxing-head-guards
/de/products/winning-boxing-sparring-set-blue,/de/products/winning-boxing-set-dark-blue-durable-leather
/es/products/winning-boxing-sparring-set-blue,/es/products/winning-boxing-set-dark-blue-durable-leather
/fr/products/winning-boxing-sparring-set-blue,/fr/products/winning-boxing-set-dark-blue-durable-leather
/it/products/winning-boxing-sparring-set-blue,/it/products/winning-boxing-set-dark-blue-durable-leather
/de/products/winning-fg2900-custom-metallic-silver-headguard,/de/collections/boxing-head-guards
/es/products/winning-fg2900-custom-metallic-silver-headguard,/es/collections/boxing-head-guards
/fr/products/winning-fg2900-custom-metallic-silver-headguard,/fr/collections/boxing-head-guards
/it/products/winning-fg2900-custom-metallic-silver-headguard,/it/collections/boxing-head-guards
/de/products/winning-ms-600-official-lace-up-training-boxing-gloves-navy-blue,/de/products/winning-boxing-gloves-navy-blue
/es/products/winning-ms-600-official-lace-up-training-boxing-gloves-navy-blue,/es/products/winning-boxing-gloves-navy-blue
/fr/products/winning-ms-600-official-lace-up-training-boxing-gloves-navy-blue,/fr/products/winning-boxing-gloves-navy-blue
/it/products/winning-ms-600-official-lace-up-training-boxing-gloves-navy-blue,/it/products/winning-boxing-gloves-navy-blue
/de/products/nike-machomai-2-boxing-shoes-red-black,/de/products/nike-machomai-2-boxing-shoes-red-black-us6-12
/es/products/nike-machomai-2-boxing-shoes-red-black,/es/products/nike-machomai-2-boxing-shoes-red-black-us6-12
/fr/products/nike-machomai-2-boxing-shoes-red-black,/fr/products/nike-machomai-2-boxing-shoes-red-black-us6-12
/it/products/nike-machomai-2-boxing-shoes-red-black,/it/products/nike-machomai-2-boxing-shoes-red-black-us6-12
/de/products/no-boxing-no-life-professional-sparring-set-lace-up-gloves-headgear-metallic-red-black,/de/products/no-boxing-no-life-3-piece-sparring-set-metallic-red-black-elite-8oz-16oz
/es/products/no-boxing-no-life-professional-sparring-set-lace-up-gloves-headgear-metallic-red-black,/es/products/no-boxing-no-life-3-piece-sparring-set-metallic-red-black-elite-8oz-16oz
/fr/products/no-boxing-no-life-professional-sparring-set-lace-up-gloves-headgear-metallic-red-black,/fr/products/no-boxing-no-life-3-piece-sparring-set-metallic-red-black-elite-8oz-16oz
/it/products/no-boxing-no-life-professional-sparring-set-lace-up-gloves-headgear-metallic-red-black,/it/products/no-boxing-no-life-3-piece-sparring-set-metallic-red-black-elite-8oz-16oz
/de/products/no-boxing-no-life-professional-lace-up-training-boxing-gloves-white-canelo-companion,/de/collections/boxing-gloves
/es/products/no-boxing-no-life-professional-lace-up-training-boxing-gloves-white-canelo-companion,/es/collections/boxing-gloves
/fr/products/no-boxing-no-life-professional-lace-up-training-boxing-gloves-white-canelo-companion,/fr/collections/boxing-gloves
/it/products/no-boxing-no-life-professional-lace-up-training-boxing-gloves-white-canelo-companion,/it/collections/boxing-gloves
/de/products/winning-custom-3-piece-sparring-set-metallic-purple-pearl-white-split,/de/products/winning-boxing-set-white-purple-custom-made
/es/products/winning-custom-3-piece-sparring-set-metallic-purple-pearl-white-split,/es/products/winning-boxing-set-white-purple-custom-made
/fr/products/winning-custom-3-piece-sparring-set-metallic-purple-pearl-white-split,/fr/products/winning-boxing-set-white-purple-custom-made
/it/products/winning-custom-3-piece-sparring-set-metallic-purple-pearl-white-split,/it/products/winning-boxing-set-white-purple-custom-made
/de/products/winning-cm20-professional-curved-punch-mitts-black,/de/products/winning-cm20-focus-mitts-all-black
/es/products/winning-cm20-professional-curved-punch-mitts-black,/es/products/winning-cm20-focus-mitts-all-black
/fr/products/winning-cm20-professional-curved-punch-mitts-black,/fr/products/winning-cm20-focus-mitts-all-black
/it/products/winning-cm20-professional-curved-punch-mitts-black,/it/products/winning-cm20-focus-mitts-all-black
/de/products/winning-cps500-custom-wine-red-groinguard,/de/products/winning-cps500-boxing-groin-guard-red
/es/products/winning-cps500-custom-wine-red-groinguard,/es/products/winning-cps500-boxing-groin-guard-red
/fr/products/winning-cps500-custom-wine-red-groinguard,/fr/products/winning-cps500-boxing-groin-guard-red
/it/products/winning-cps500-custom-wine-red-groinguard,/it/products/winning-cps500-boxing-groin-guard-red
/de/products/nbnl-custom-white-metallic-pink-pro-gloves,/de/collections/boxing-gloves
/es/products/nbnl-custom-white-metallic-pink-pro-gloves,/es/collections/boxing-gloves
/fr/products/nbnl-custom-white-metallic-pink-pro-gloves,/fr/collections/boxing-gloves
/it/products/nbnl-custom-white-metallic-pink-pro-gloves,/it/collections/boxing-gloves
/de/products/no-boxing-no-life-professional-lace-up-gloves-metallic-purple-gold,/de/collections/boxing-gloves
/es/products/no-boxing-no-life-professional-lace-up-gloves-metallic-purple-gold,/es/collections/boxing-gloves
/fr/products/no-boxing-no-life-professional-lace-up-gloves-metallic-purple-gold,/fr/collections/boxing-gloves
/it/products/no-boxing-no-life-professional-lace-up-gloves-metallic-purple-gold,/it/collections/boxing-gloves
/de/products/winning-ms-600-official-lace-up-training-boxing-gloves-classic-pink,/de/products/winning-boxing-gloves-pink
/es/products/winning-ms-600-official-lace-up-training-boxing-gloves-classic-pink,/es/products/winning-boxing-gloves-pink
/fr/products/winning-ms-600-official-lace-up-training-boxing-gloves-classic-pink,/fr/products/winning-boxing-gloves-pink
/it/products/winning-ms-600-official-lace-up-training-boxing-gloves-classic-pink,/it/products/winning-boxing-gloves-pink
/de/products/winning-custom-3-piece-sparring-set-slate-gray,/de/products/winning-3-piece-boxing-sparring-set-gray-8oz-16oz
/es/products/winning-custom-3-piece-sparring-set-slate-gray,/es/products/winning-3-piece-boxing-sparring-set-gray-8oz-16oz
/fr/products/winning-custom-3-piece-sparring-set-slate-gray,/fr/products/winning-3-piece-boxing-sparring-set-gray-8oz-16oz
/it/products/winning-custom-3-piece-sparring-set-slate-gray,/it/products/winning-3-piece-boxing-sparring-set-gray-8oz-16oz
/de/products/no-boxing-no-life-professional-lace-up-gloves-green-gold-canelo-edition,/de/products/no-boxing-no-life-pro-boxing-gloves-green-gold
/es/products/no-boxing-no-life-professional-lace-up-gloves-green-gold-canelo-edition,/es/products/no-boxing-no-life-pro-boxing-gloves-green-gold
/fr/products/no-boxing-no-life-professional-lace-up-gloves-green-gold-canelo-edition,/fr/products/no-boxing-no-life-pro-boxing-gloves-green-gold
/it/products/no-boxing-no-life-professional-lace-up-gloves-green-gold-canelo-edition,/it/products/no-boxing-no-life-pro-boxing-gloves-green-gold
/de/products/no-boxing-no-life-professional-lace-up-gloves-metallic-green-gold,/de/products/no-boxing-no-life-pro-boxing-gloves-green-gold
/es/products/no-boxing-no-life-professional-lace-up-gloves-metallic-green-gold,/es/products/no-boxing-no-life-pro-boxing-gloves-green-gold
/fr/products/no-boxing-no-life-professional-lace-up-gloves-metallic-green-gold,/fr/products/no-boxing-no-life-pro-boxing-gloves-green-gold
/it/products/no-boxing-no-life-professional-lace-up-gloves-metallic-green-gold,/it/products/no-boxing-no-life-pro-boxing-gloves-green-gold
/de/products/nike-hyperko-2-boxing-shoes-black-pink,/de/products/nike-hyperko-2-boxing-shoes-black-pink-us6-12
/es/products/nike-hyperko-2-boxing-shoes-black-pink,/es/products/nike-hyperko-2-boxing-shoes-black-pink-us6-12
/fr/products/nike-hyperko-2-boxing-shoes-black-pink,/fr/products/nike-hyperko-2-boxing-shoes-black-pink-us6-12
/it/products/nike-hyperko-2-boxing-shoes-black-pink,/it/products/nike-hyperko-2-boxing-shoes-black-pink-us6-12
/de/products/winning-bp100-body-protector-shirt-black,/de/products/winning-cps500-boxing-groin-guard-matte-black
/es/products/winning-bp100-body-protector-shirt-black,/es/products/winning-cps500-boxing-groin-guard-matte-black
/fr/products/winning-bp100-body-protector-shirt-black,/fr/products/winning-cps500-boxing-groin-guard-matte-black
/it/products/winning-bp100-body-protector-shirt-black,/it/products/winning-cps500-boxing-groin-guard-matte-black
/de/products/winning-ms-600-custom-lace-up-training-boxing-gloves-metallic-gray-purple,/de/products/winning-boxing-gloves-metallic-gray-purple
/es/products/winning-ms-600-custom-lace-up-training-boxing-gloves-metallic-gray-purple,/es/products/winning-boxing-gloves-metallic-gray-purple
/fr/products/winning-ms-600-custom-lace-up-training-boxing-gloves-metallic-gray-purple,/fr/products/winning-boxing-gloves-metallic-gray-purple
/it/products/winning-ms-600-custom-lace-up-training-boxing-gloves-metallic-gray-purple,/it/products/winning-boxing-gloves-metallic-gray-purple
/de/products/winning-ms600-custom-gold-black-boxing-gloves,/de/collections/winning-boxing-gloves
/es/products/winning-ms600-custom-gold-black-boxing-gloves,/es/collections/winning-boxing-gloves
/fr/products/winning-ms600-custom-gold-black-boxing-gloves,/fr/collections/winning-boxing-gloves
/it/products/winning-ms600-custom-gold-black-boxing-gloves,/it/collections/winning-boxing-gloves
/de/products/custom-leather-lace-up-training-boxing-gloves-white-multi-color-cross-patches,/de/collections/boxing-gloves
/es/products/custom-leather-lace-up-training-boxing-gloves-white-multi-color-cross-patches,/es/collections/boxing-gloves
/fr/products/custom-leather-lace-up-training-boxing-gloves-white-multi-color-cross-patches,/fr/collections/boxing-gloves
/it/products/custom-leather-lace-up-training-boxing-gloves-white-multi-color-cross-patches,/it/collections/boxing-gloves
/de/products/winning-cm20-curved-focus-mitts-red-professional,/de/products/winning-cm20-focus-mitts-red
/es/products/winning-cm20-curved-focus-mitts-red-professional,/es/products/winning-cm20-focus-mitts-red
/fr/products/winning-cm20-curved-focus-mitts-red-professional,/fr/products/winning-cm20-focus-mitts-red
/it/products/winning-cm20-curved-focus-mitts-red-professional,/it/products/winning-cm20-focus-mitts-red
/de/products/winning-japan-professional-compact-curved-focus-mitts-cm-10-forest-green-custom-edition,/de/products/winning-cm10-focus-mitts-forest-green
/es/products/winning-japan-professional-compact-curved-focus-mitts-cm-10-forest-green-custom-edition,/es/products/winning-cm10-focus-mitts-forest-green
/fr/products/winning-japan-professional-compact-curved-focus-mitts-cm-10-forest-green-custom-edition,/fr/products/winning-cm10-focus-mitts-forest-green
/it/products/winning-japan-professional-compact-curved-focus-mitts-cm-10-forest-green-custom-edition,/it/products/winning-cm10-focus-mitts-forest-green
/de/products/winning-custom-3-piece-sparring-set-pastel-pink,/de/products/winning-3-piece-boxing-sparring-set-pastel-pink-8oz-16oz
/es/products/winning-custom-3-piece-sparring-set-pastel-pink,/es/products/winning-3-piece-boxing-sparring-set-pastel-pink-8oz-16oz
/fr/products/winning-custom-3-piece-sparring-set-pastel-pink,/fr/products/winning-3-piece-boxing-sparring-set-pastel-pink-8oz-16oz
/it/products/winning-custom-3-piece-sparring-set-pastel-pink,/it/products/winning-3-piece-boxing-sparring-set-pastel-pink-8oz-16oz
/de/products/nike-hyperko-2-boxing-shoes-white-gold,/de/products/nike-hyperko-2-boxing-shoes-white-metallic-gold-us6-12
/es/products/nike-hyperko-2-boxing-shoes-white-gold,/es/products/nike-hyperko-2-boxing-shoes-white-metallic-gold-us6-12
/fr/products/nike-hyperko-2-boxing-shoes-white-gold,/fr/products/nike-hyperko-2-boxing-shoes-white-metallic-gold-us6-12
/it/products/nike-hyperko-2-boxing-shoes-white-gold,/it/products/nike-hyperko-2-boxing-shoes-white-metallic-gold-us6-12
/de/products/winning-cm50-coach-body-protector-black,/de/collections/boxing-groin-guards
/es/products/winning-cm50-coach-body-protector-black,/es/collections/boxing-groin-guards
/fr/products/winning-cm50-coach-body-protector-black,/fr/collections/boxing-groin-guards
/it/products/winning-cm50-coach-body-protector-black,/it/collections/boxing-groin-guards
/de/products/winning-ms-600-custom-lace-up-training-boxing-gloves-yellow-black,/de/products/winning-boxing-gloves-black-yellow
/es/products/winning-ms-600-custom-lace-up-training-boxing-gloves-yellow-black,/es/products/winning-boxing-gloves-black-yellow
/fr/products/winning-ms-600-custom-lace-up-training-boxing-gloves-yellow-black,/fr/products/winning-boxing-gloves-black-yellow
/it/products/winning-ms-600-custom-lace-up-training-boxing-gloves-yellow-black,/it/products/winning-boxing-gloves-black-yellow
/de/products/winning-official-boxing-sparring-set-lace-up-gloves-headgear-classic-purple,/de/collections/winning-boxing-sets
/es/products/winning-official-boxing-sparring-set-lace-up-gloves-headgear-classic-purple,/es/collections/winning-boxing-sets
/fr/products/winning-official-boxing-sparring-set-lace-up-gloves-headgear-classic-purple,/fr/collections/winning-boxing-sets
/it/products/winning-official-boxing-sparring-set-lace-up-gloves-headgear-classic-purple,/it/collections/winning-boxing-sets
/de/products/winning-ms600-custom-navy-blue-metallic-silver-gloves,/de/collections/winning-boxing-gloves
/es/products/winning-ms600-custom-navy-blue-metallic-silver-gloves,/es/collections/winning-boxing-gloves
/fr/products/winning-ms600-custom-navy-blue-metallic-silver-gloves,/fr/collections/winning-boxing-gloves
/it/products/winning-ms600-custom-navy-blue-metallic-silver-gloves,/it/collections/winning-boxing-gloves
/de/products/winning-ms600-custom-metallic-gold-black-gloves,/de/collections/winning-boxing-gloves
/es/products/winning-ms600-custom-metallic-gold-black-gloves,/es/collections/winning-boxing-gloves
/fr/products/winning-ms600-custom-metallic-gold-black-gloves,/fr/collections/winning-boxing-gloves
/it/products/winning-ms600-custom-metallic-gold-black-gloves,/it/collections/winning-boxing-gloves
/de/products/nike-hyperko-boxing-shoes-white-royal-blue,/de/products/nike-hyperko-1-boxing-boots-white-royal-blue-us6-12
/es/products/nike-hyperko-boxing-shoes-white-royal-blue,/es/products/nike-hyperko-1-boxing-boots-white-royal-blue-us6-12
/fr/products/nike-hyperko-boxing-shoes-white-royal-blue,/fr/products/nike-hyperko-1-boxing-boots-white-royal-blue-us6-12
/it/products/nike-hyperko-boxing-shoes-white-royal-blue,/it/products/nike-hyperko-1-boxing-boots-white-royal-blue-us6-12
/de/products/winning-boxing-sparring-set-black,/de/products/winning-3-piece-boxing-sparring-set-classic-black-8oz-16oz
/es/products/winning-boxing-sparring-set-black,/es/products/winning-3-piece-boxing-sparring-set-classic-black-8oz-16oz
/fr/products/winning-boxing-sparring-set-black,/fr/products/winning-3-piece-boxing-sparring-set-classic-black-8oz-16oz
/it/products/winning-boxing-sparring-set-black,/it/products/winning-3-piece-boxing-sparring-set-classic-black-8oz-16oz
/de/products/winning-custom-3-piece-sparring-set-royal-purple,/de/products/winning-3-piece-boxing-sparring-set-royal-purple-8oz-16oz
/es/products/winning-custom-3-piece-sparring-set-royal-purple,/es/products/winning-3-piece-boxing-sparring-set-royal-purple-8oz-16oz
/fr/products/winning-custom-3-piece-sparring-set-royal-purple,/fr/products/winning-3-piece-boxing-sparring-set-royal-purple-8oz-16oz
/it/products/winning-custom-3-piece-sparring-set-royal-purple,/it/products/winning-3-piece-boxing-sparring-set-royal-purple-8oz-16oz
/de/products/winning-professional-lace-up-boxing-gloves-custom-sky-blue-red,/de/collections/winning-boxing-gloves
/es/products/winning-professional-lace-up-boxing-gloves-custom-sky-blue-red,/es/collections/winning-boxing-gloves
/fr/products/winning-professional-lace-up-boxing-gloves-custom-sky-blue-red,/fr/collections/winning-boxing-gloves
/it/products/winning-professional-lace-up-boxing-gloves-custom-sky-blue-red,/it/collections/winning-boxing-gloves
/de/products/nbnl-custom-pure-white-professional-sparring-set,/de/collections/no-boxing-no-life-sets
/es/products/nbnl-custom-pure-white-professional-sparring-set,/es/collections/no-boxing-no-life-sets
/fr/products/nbnl-custom-pure-white-professional-sparring-set,/fr/collections/no-boxing-no-life-sets
/it/products/nbnl-custom-pure-white-professional-sparring-set,/it/collections/no-boxing-no-life-sets
/de/products/no-boxing-no-life-sparring-set-white-gold,/de/collections/no-boxing-no-life-sets
/es/products/no-boxing-no-life-sparring-set-white-gold,/es/collections/no-boxing-no-life-sets
/fr/products/no-boxing-no-life-sparring-set-white-gold,/fr/collections/no-boxing-no-life-sets
/it/products/no-boxing-no-life-sparring-set-white-gold,/it/collections/no-boxing-no-life-sets
/de/products/winning-custom-boxing-sparring-set-lace-up-gloves-headgear-groin-protector-black-white,/de/products/winning-boxing-set-black-white-top-grade-leather
/es/products/winning-custom-boxing-sparring-set-lace-up-gloves-headgear-groin-protector-black-white,/es/products/winning-boxing-set-black-white-top-grade-leather
/fr/products/winning-custom-boxing-sparring-set-lace-up-gloves-headgear-groin-protector-black-white,/fr/products/winning-boxing-set-black-white-top-grade-leather
/it/products/winning-custom-boxing-sparring-set-lace-up-gloves-headgear-groin-protector-black-white,/it/products/winning-boxing-set-black-white-top-grade-leather
/de/products/no-boxing-no-life-professional-lace-up-gloves-white-cross-limited-edition,/de/collections/boxing-gloves
/es/products/no-boxing-no-life-professional-lace-up-gloves-white-cross-limited-edition,/es/collections/boxing-gloves
/fr/products/no-boxing-no-life-professional-lace-up-gloves-white-cross-limited-edition,/fr/collections/boxing-gloves
/it/products/no-boxing-no-life-professional-lace-up-gloves-white-cross-limited-edition,/it/collections/boxing-gloves
/de/products/winning-professional-lace-up-boxing-gloves-custom-white-metallic-red,/de/products/winning-boxing-gloves-red-white-panel
/es/products/winning-professional-lace-up-boxing-gloves-custom-white-metallic-red,/es/products/winning-boxing-gloves-red-white-panel
/fr/products/winning-professional-lace-up-boxing-gloves-custom-white-metallic-red,/fr/products/winning-boxing-gloves-red-white-panel
/it/products/winning-professional-lace-up-boxing-gloves-custom-white-metallic-red,/it/products/winning-boxing-gloves-red-white-panel
/de/products/no-boxing-no-life-professional-lace-up-gloves-yellow-black,/de/collections/boxing-gloves
/es/products/no-boxing-no-life-professional-lace-up-gloves-yellow-black,/es/collections/boxing-gloves
/fr/products/no-boxing-no-life-professional-lace-up-gloves-yellow-black,/fr/collections/boxing-gloves
/it/products/no-boxing-no-life-professional-lace-up-gloves-yellow-black,/it/collections/boxing-gloves
/de/products/winning-professional-lace-up-boxing-gloves-custom-metallic-silver,/de/collections/winning-boxing-gloves
/es/products/winning-professional-lace-up-boxing-gloves-custom-metallic-silver,/es/collections/winning-boxing-gloves
/fr/products/winning-professional-lace-up-boxing-gloves-custom-metallic-silver,/fr/collections/winning-boxing-gloves
/it/products/winning-professional-lace-up-boxing-gloves-custom-metallic-silver,/it/collections/winning-boxing-gloves
/de/products/no-boxing-no-life-professional-lace-up-gloves-black-gold,/de/products/no-boxing-no-life-boxing-gloves-black-gold
/es/products/no-boxing-no-life-professional-lace-up-gloves-black-gold,/es/products/no-boxing-no-life-boxing-gloves-black-gold
/fr/products/no-boxing-no-life-professional-lace-up-gloves-black-gold,/fr/products/no-boxing-no-life-boxing-gloves-black-gold
/it/products/no-boxing-no-life-professional-lace-up-gloves-black-gold,/it/products/no-boxing-no-life-boxing-gloves-black-gold
/de/products/winning-custom-boxing-set-lace-up-gloves-headgear-black-orange,/de/products/winning-3-piece-boxing-sparring-set-orange-black-8oz-16oz
/es/products/winning-custom-boxing-set-lace-up-gloves-headgear-black-orange,/es/products/winning-3-piece-boxing-sparring-set-orange-black-8oz-16oz
/fr/products/winning-custom-boxing-set-lace-up-gloves-headgear-black-orange,/fr/products/winning-3-piece-boxing-sparring-set-orange-black-8oz-16oz
/it/products/winning-custom-boxing-set-lace-up-gloves-headgear-black-orange,/it/products/winning-3-piece-boxing-sparring-set-orange-black-8oz-16oz
/de/products/nbnl-custom-metallic-blue-black-gloves,/de/products/no-boxing-no-life-pro-boxing-gloves-blue-black
/es/products/nbnl-custom-metallic-blue-black-gloves,/es/products/no-boxing-no-life-pro-boxing-gloves-blue-black
/fr/products/nbnl-custom-metallic-blue-black-gloves,/fr/products/no-boxing-no-life-pro-boxing-gloves-blue-black
/it/products/nbnl-custom-metallic-blue-black-gloves,/it/products/no-boxing-no-life-pro-boxing-gloves-blue-black
/de/products/winning-custom-3-piece-sparring-set-half-metallic-red-white,/de/products/winning-boxing-set-white-red-customizable
/es/products/winning-custom-3-piece-sparring-set-half-metallic-red-white,/es/products/winning-boxing-set-white-red-customizable
/fr/products/winning-custom-3-piece-sparring-set-half-metallic-red-white,/fr/products/winning-boxing-set-white-red-customizable
/it/products/winning-custom-3-piece-sparring-set-half-metallic-red-white,/it/products/winning-boxing-set-white-red-customizable
/de/products/nbnl-custom-black-sparring-set,/de/products/no-boxing-no-life-3-piece-sparring-set-matte-black-8oz-16oz
/es/products/nbnl-custom-black-sparring-set,/es/products/no-boxing-no-life-3-piece-sparring-set-matte-black-8oz-16oz
/fr/products/nbnl-custom-black-sparring-set,/fr/products/no-boxing-no-life-3-piece-sparring-set-matte-black-8oz-16oz
/it/products/nbnl-custom-black-sparring-set,/it/products/no-boxing-no-life-3-piece-sparring-set-matte-black-8oz-16oz
/de/products/winning-ms600-custom-red-black-16oz-gloves,/de/collections/winning-boxing-gloves
/es/products/winning-ms600-custom-red-black-16oz-gloves,/es/collections/winning-boxing-gloves
/fr/products/winning-ms600-custom-red-black-16oz-gloves,/fr/collections/winning-boxing-gloves
/it/products/winning-ms600-custom-red-black-16oz-gloves,/it/collections/winning-boxing-gloves
/de/products/winning-boxing-sparring-set-metallic-gold,/de/collections/winning-boxing-sets
/es/products/winning-boxing-sparring-set-metallic-gold,/es/collections/winning-boxing-sets
/fr/products/winning-boxing-sparring-set-metallic-gold,/fr/collections/winning-boxing-sets
/it/products/winning-boxing-sparring-set-metallic-gold,/it/collections/winning-boxing-sets
/de/products/winning-professional-lace-up-boxing-gloves-custom-sky-blue-gold-silver,/de/collections/winning-boxing-gloves
/es/products/winning-professional-lace-up-boxing-gloves-custom-sky-blue-gold-silver,/es/collections/winning-boxing-gloves
/fr/products/winning-professional-lace-up-boxing-gloves-custom-sky-blue-gold-silver,/fr/collections/winning-boxing-gloves
/it/products/winning-professional-lace-up-boxing-gloves-custom-sky-blue-gold-silver,/it/collections/winning-boxing-gloves
/de/products/nbnl-custom-black-metallic-silver-gloves,/de/products/no-boxing-no-life-professional-lace-up-gloves-custom-black-silver
/es/products/nbnl-custom-black-metallic-silver-gloves,/es/products/no-boxing-no-life-professional-lace-up-gloves-custom-black-silver
/fr/products/nbnl-custom-black-metallic-silver-gloves,/fr/products/no-boxing-no-life-professional-lace-up-gloves-custom-black-silver
/it/products/nbnl-custom-black-metallic-silver-gloves,/it/products/no-boxing-no-life-professional-lace-up-gloves-custom-black-silver
/de/products/winning-f17-coach-body-protector-shield-red,/de/products/winning-cps500-boxing-groin-guard-red
/es/products/winning-f17-coach-body-protector-shield-red,/es/products/winning-cps500-boxing-groin-guard-red
/fr/products/winning-f17-coach-body-protector-shield-red,/fr/products/winning-cps500-boxing-groin-guard-red
/it/products/winning-f17-coach-body-protector-shield-red,/it/products/winning-cps500-boxing-groin-guard-red
/de/products/no-boxing-no-life-professional-lace-up-gloves-metallic-blue,/de/collections/boxing-gloves
/es/products/no-boxing-no-life-professional-lace-up-gloves-metallic-blue,/es/collections/boxing-gloves
/fr/products/no-boxing-no-life-professional-lace-up-gloves-metallic-blue,/fr/collections/boxing-gloves
/it/products/no-boxing-no-life-professional-lace-up-gloves-metallic-blue,/it/collections/boxing-gloves
/de/products/winning-custom-boxing-set-chrome-hearts-black,/de/collections/winning-boxing-sets
/es/products/winning-custom-boxing-set-chrome-hearts-black,/es/collections/winning-boxing-sets
/fr/products/winning-custom-boxing-set-chrome-hearts-black,/fr/collections/winning-boxing-sets
/it/products/winning-custom-boxing-set-chrome-hearts-black,/it/collections/winning-boxing-sets
/de/products/winning-ms-600-custom-lace-up-training-boxing-gloves-purple-white,/de/collections/winning-boxing-gloves
/es/products/winning-ms-600-custom-lace-up-training-boxing-gloves-purple-white,/es/collections/winning-boxing-gloves
/fr/products/winning-ms-600-custom-lace-up-training-boxing-gloves-purple-white,/fr/collections/winning-boxing-gloves
/it/products/winning-ms-600-custom-lace-up-training-boxing-gloves-purple-white,/it/collections/winning-boxing-gloves
/de/products/no-boxing-no-life-professional-lace-up-gloves-metallic-gold,/de/collections/boxing-gloves
/es/products/no-boxing-no-life-professional-lace-up-gloves-metallic-gold,/es/collections/boxing-gloves
/fr/products/no-boxing-no-life-professional-lace-up-gloves-metallic-gold,/fr/collections/boxing-gloves
/it/products/no-boxing-no-life-professional-lace-up-gloves-metallic-gold,/it/collections/boxing-gloves
/de/products/no-boxing-no-life-professional-lace-up-training-boxing-gloves-gray-black-canelo,/de/collections/boxing-gloves
/es/products/no-boxing-no-life-professional-lace-up-training-boxing-gloves-gray-black-canelo,/es/collections/boxing-gloves
/fr/products/no-boxing-no-life-professional-lace-up-training-boxing-gloves-gray-black-canelo,/fr/collections/boxing-gloves
/it/products/no-boxing-no-life-professional-lace-up-training-boxing-gloves-gray-black-canelo,/it/collections/boxing-gloves
/de/products/winning-ms600-custom-white-metallic-gold-16oz-gloves,/de/collections/winning-boxing-gloves
/es/products/winning-ms600-custom-white-metallic-gold-16oz-gloves,/es/collections/winning-boxing-gloves
/fr/products/winning-ms600-custom-white-metallic-gold-16oz-gloves,/fr/collections/winning-boxing-gloves
/it/products/winning-ms600-custom-white-metallic-gold-16oz-gloves,/it/collections/winning-boxing-gloves
/de/products/no-boxing-no-life-professional-lace-up-gloves-metallic-pink-silver,/de/collections/boxing-gloves
/es/products/no-boxing-no-life-professional-lace-up-gloves-metallic-pink-silver,/es/collections/boxing-gloves
/fr/products/no-boxing-no-life-professional-lace-up-gloves-metallic-pink-silver,/fr/collections/boxing-gloves
/it/products/no-boxing-no-life-professional-lace-up-gloves-metallic-pink-silver,/it/collections/boxing-gloves
/de/products/no-boxing-no-life-professional-lace-up-training-boxing-gloves-metallic-blue-silver,/de/collections/boxing-gloves
/es/products/no-boxing-no-life-professional-lace-up-training-boxing-gloves-metallic-blue-silver,/es/collections/boxing-gloves
/fr/products/no-boxing-no-life-professional-lace-up-training-boxing-gloves-metallic-blue-silver,/fr/collections/boxing-gloves
/it/products/no-boxing-no-life-professional-lace-up-training-boxing-gloves-metallic-blue-silver,/it/collections/boxing-gloves
/de/products/winning-custom-professional-sparring-set-red-gold,/de/collections/winning-boxing-sets
/es/products/winning-custom-professional-sparring-set-red-gold,/es/collections/winning-boxing-sets
/fr/products/winning-custom-professional-sparring-set-red-gold,/fr/collections/winning-boxing-sets
/it/products/winning-custom-professional-sparring-set-red-gold,/it/collections/winning-boxing-sets
/de/products/no-boxing-no-life-professional-lace-up-gloves-charcoal-gray-green,/de/collections/boxing-gloves
/es/products/no-boxing-no-life-professional-lace-up-gloves-charcoal-gray-green,/es/collections/boxing-gloves
/fr/products/no-boxing-no-life-professional-lace-up-gloves-charcoal-gray-green,/fr/collections/boxing-gloves
/it/products/no-boxing-no-life-professional-lace-up-gloves-charcoal-gray-green,/it/collections/boxing-gloves
/de/products/winning-ms600-custom-purple-white,/de/collections/winning-boxing-gloves
/es/products/winning-ms600-custom-purple-white,/es/collections/winning-boxing-gloves
/fr/products/winning-ms600-custom-purple-white,/fr/collections/winning-boxing-gloves
/it/products/winning-ms600-custom-purple-white,/it/collections/winning-boxing-gloves
/de/products/cleto-reyes-hook-and-loop-training-boxing-gloves-limited-edition-mexican-flag-red-white,/de/collections/cleto-reyes-boxing-gloves
/es/products/cleto-reyes-hook-and-loop-training-boxing-gloves-limited-edition-mexican-flag-red-white,/es/collections/cleto-reyes-boxing-gloves
/fr/products/cleto-reyes-hook-and-loop-training-boxing-gloves-limited-edition-mexican-flag-red-white,/fr/collections/cleto-reyes-boxing-gloves
/it/products/cleto-reyes-hook-and-loop-training-boxing-gloves-limited-edition-mexican-flag-red-white,/it/collections/cleto-reyes-boxing-gloves
/de/products/winning-ms600-custom-black-red-gold-tri-color-gloves,/de/collections/winning-boxing-gloves
/es/products/winning-ms600-custom-black-red-gold-tri-color-gloves,/es/collections/winning-boxing-gloves
/fr/products/winning-ms600-custom-black-red-gold-tri-color-gloves,/fr/collections/winning-boxing-gloves
/it/products/winning-ms600-custom-black-red-gold-tri-color-gloves,/it/collections/winning-boxing-gloves
/de/products/nike-machomai-2-boxing-shoes-white-black,/de/collections/boxing-shoes
/es/products/nike-machomai-2-boxing-shoes-white-black,/es/collections/boxing-shoes
/fr/products/nike-machomai-2-boxing-shoes-white-black,/fr/collections/boxing-shoes
/it/products/nike-machomai-2-boxing-shoes-white-black,/it/collections/boxing-shoes
/de/products/nike-machomai-2-boxing-shoes-white-gold,/de/collections/boxing-shoes
/es/products/nike-machomai-2-boxing-shoes-white-gold,/es/collections/boxing-shoes
/fr/products/nike-machomai-2-boxing-shoes-white-gold,/fr/collections/boxing-shoes
/it/products/nike-machomai-2-boxing-shoes-white-gold,/it/collections/boxing-shoes
/de/products/winning-bc4500-combination-bag-punch-shield-blue,/de/collections/winning-boxing-gloves
/es/products/winning-bc4500-combination-bag-punch-shield-blue,/es/collections/winning-boxing-gloves
/fr/products/winning-bc4500-combination-bag-punch-shield-blue,/fr/collections/winning-boxing-gloves
/it/products/winning-bc4500-combination-bag-punch-shield-blue,/it/collections/winning-boxing-gloves
/de/products/winning-ms600-custom-maroon-metallic-gold-gloves,/de/collections/winning-boxing-gloves
/es/products/winning-ms600-custom-maroon-metallic-gold-gloves,/es/collections/winning-boxing-gloves
/fr/products/winning-ms600-custom-maroon-metallic-gold-gloves,/fr/collections/winning-boxing-gloves
/it/products/winning-ms600-custom-maroon-metallic-gold-gloves,/it/collections/winning-boxing-gloves
/de/collections/no-boxing-no-life-gloves,/de/collections/boxing-gloves
/es/collections/no-boxing-no-life-gloves,/es/collections/boxing-gloves
/fr/collections/no-boxing-no-life-gloves,/fr/collections/boxing-gloves
/it/collections/no-boxing-no-life-gloves,/it/collections/boxing-gloves
/de/collections/boxing-protection-gear,/de/collections/boxing-head-guards
/es/collections/boxing-protection-gear,/es/collections/boxing-head-guards
/fr/collections/boxing-protection-gear,/fr/collections/boxing-head-guards
/it/collections/boxing-protection-gear,/it/collections/boxing-head-guards
/de/collections/custom-sets,/de/collections/boxing-sets
/es/collections/custom-sets,/es/collections/boxing-sets
/fr/collections/custom-sets,/fr/collections/boxing-sets
/it/collections/custom-sets,/it/collections/boxing-sets
/de/collections/vendors,/de/collections/all
/es/collections/vendors,/es/collections/all
/fr/collections/vendors,/fr/collections/all
/it/collections/vendors,/it/collections/all
/de/collections/collection-home-1-1,/de
/es/collections/collection-home-1-1,/es
/fr/collections/collection-home-1-1,/fr
/it/collections/collection-home-1-1,/it
/de/pages/shipping-policy,/de/policies/shipping-policy
/es/pages/shipping-policy,/es/policies/shipping-policy
/fr/pages/shipping-policy,/fr/policies/shipping-policy
/it/pages/shipping-policy,/it/policies/shipping-policy
/de/pages/privacy-policy,/de/policies/privacy-policy
/es/pages/privacy-policy,/es/policies/privacy-policy
/fr/pages/privacy-policy,/fr/policies/privacy-policy
/it/pages/privacy-policy,/it/policies/privacy-policy
/de/pages/your-privacy-choice,/de/policies/privacy-policy
/es/pages/your-privacy-choice,/es/policies/privacy-policy
/fr/pages/your-privacy-choice,/fr/policies/privacy-policy
/it/pages/your-privacy-choice,/it/policies/privacy-policy
/de/products/cleto-reyes-gold-metallic-boxing-gloves-8oz-16oz-lace-up-training-gloves,/de/products/cleto-reyes-gold-metallic-boxing-gloves-8oz-16oz
/es/products/cleto-reyes-gold-metallic-boxing-gloves-8oz-16oz-lace-up-training-gloves,/es/products/cleto-reyes-gold-metallic-boxing-gloves-8oz-16oz
/fr/products/cleto-reyes-gold-metallic-boxing-gloves-8oz-16oz-lace-up-training-gloves,/fr/products/cleto-reyes-gold-metallic-boxing-gloves-8oz-16oz
/it/products/cleto-reyes-gold-metallic-boxing-gloves-8oz-16oz-lace-up-training-gloves,/it/products/cleto-reyes-gold-metallic-boxing-gloves-8oz-16oz
/de/products/cleto-reyes-yellow-boxing-gloves-8oz-16oz-lace-up-training-gloves,/de/products/cleto-reyes-yellow-boxing-gloves-8oz-16oz
/es/products/cleto-reyes-yellow-boxing-gloves-8oz-16oz-lace-up-training-gloves,/es/products/cleto-reyes-yellow-boxing-gloves-8oz-16oz
/fr/products/cleto-reyes-yellow-boxing-gloves-8oz-16oz-lace-up-training-gloves,/fr/products/cleto-reyes-yellow-boxing-gloves-8oz-16oz
/it/products/cleto-reyes-yellow-boxing-gloves-8oz-16oz-lace-up-training-gloves,/it/products/cleto-reyes-yellow-boxing-gloves-8oz-16oz
/de/products/cleto-reyes-black-gold-metallic-boxing-gloves-8oz-16oz-hook-and-loop-training-gloves,/de/products/cleto-reyes-black-gold-metallic-boxing-gloves-8oz-16oz
/es/products/cleto-reyes-black-gold-metallic-boxing-gloves-8oz-16oz-hook-and-loop-training-gloves,/es/products/cleto-reyes-black-gold-metallic-boxing-gloves-8oz-16oz
/fr/products/cleto-reyes-black-gold-metallic-boxing-gloves-8oz-16oz-hook-and-loop-training-gloves,/fr/products/cleto-reyes-black-gold-metallic-boxing-gloves-8oz-16oz
/it/products/cleto-reyes-black-gold-metallic-boxing-gloves-8oz-16oz-hook-and-loop-training-gloves,/it/products/cleto-reyes-black-gold-metallic-boxing-gloves-8oz-16oz
/de/products/cleto-reyes-black-metallic-silver-boxing-gloves-8oz-16oz-hook-and-loop-training-gloves,/de/products/cleto-reyes-black-metallic-silver-boxing-gloves-8oz-16oz
/es/products/cleto-reyes-black-metallic-silver-boxing-gloves-8oz-16oz-hook-and-loop-training-gloves,/es/products/cleto-reyes-black-metallic-silver-boxing-gloves-8oz-16oz
/fr/products/cleto-reyes-black-metallic-silver-boxing-gloves-8oz-16oz-hook-and-loop-training-gloves,/fr/products/cleto-reyes-black-metallic-silver-boxing-gloves-8oz-16oz
/it/products/cleto-reyes-black-metallic-silver-boxing-gloves-8oz-16oz-hook-and-loop-training-gloves,/it/products/cleto-reyes-black-metallic-silver-boxing-gloves-8oz-16oz
/de/products/cleto-reyes-red-boxing-gloves-8oz-16oz-lace-up-training-gloves,/de/products/cleto-reyes-red-boxing-gloves-8oz-16oz
/es/products/cleto-reyes-red-boxing-gloves-8oz-16oz-lace-up-training-gloves,/es/products/cleto-reyes-red-boxing-gloves-8oz-16oz
/fr/products/cleto-reyes-red-boxing-gloves-8oz-16oz-lace-up-training-gloves,/fr/products/cleto-reyes-red-boxing-gloves-8oz-16oz
/it/products/cleto-reyes-red-boxing-gloves-8oz-16oz-lace-up-training-gloves,/it/products/cleto-reyes-red-boxing-gloves-8oz-16oz
/de/products/cleto-reyes-white-boxing-gloves-8oz-16oz-hook-and-loop-training-gloves,/de/products/cleto-reyes-white-boxing-gloves-8oz-16oz
/es/products/cleto-reyes-white-boxing-gloves-8oz-16oz-hook-and-loop-training-gloves,/es/products/cleto-reyes-white-boxing-gloves-8oz-16oz
/fr/products/cleto-reyes-white-boxing-gloves-8oz-16oz-hook-and-loop-training-gloves,/fr/products/cleto-reyes-white-boxing-gloves-8oz-16oz
/it/products/cleto-reyes-white-boxing-gloves-8oz-16oz-hook-and-loop-training-gloves,/it/products/cleto-reyes-white-boxing-gloves-8oz-16oz
/de/products/cleto-reyes-3-piece-sparring-set-royal-purple-8oz-16oz-gloves-headguard-groinguard,/de/products/cleto-reyes-royal-purple-boxing-kit-6oz-16oz
/es/products/cleto-reyes-3-piece-sparring-set-royal-purple-8oz-16oz-gloves-headguard-groinguard,/es/products/cleto-reyes-royal-purple-boxing-kit-6oz-16oz
/fr/products/cleto-reyes-3-piece-sparring-set-royal-purple-8oz-16oz-gloves-headguard-groinguard,/fr/products/cleto-reyes-royal-purple-boxing-kit-6oz-16oz
/it/products/cleto-reyes-3-piece-sparring-set-royal-purple-8oz-16oz-gloves-headguard-groinguard,/it/products/cleto-reyes-royal-purple-boxing-kit-6oz-16oz
/de/products/cleto-reyes-3-piece-sparring-set-slate-gray-8oz-16oz-gloves-headguard-groinguard,/de/products/cleto-reyes-slate-gray-sparring-kit-6oz-16oz
/es/products/cleto-reyes-3-piece-sparring-set-slate-gray-8oz-16oz-gloves-headguard-groinguard,/es/products/cleto-reyes-slate-gray-sparring-kit-6oz-16oz
/fr/products/cleto-reyes-3-piece-sparring-set-slate-gray-8oz-16oz-gloves-headguard-groinguard,/fr/products/cleto-reyes-slate-gray-sparring-kit-6oz-16oz
/it/products/cleto-reyes-3-piece-sparring-set-slate-gray-8oz-16oz-gloves-headguard-groinguard,/it/products/cleto-reyes-slate-gray-sparring-kit-6oz-16oz
/de/products/cleto-reyes-3-piece-sparring-set-lime-green-8oz-16oz-gloves-headguard-groinguard,/de/products/cleto-reyes-lime-green-sparring-bundle-6oz-16oz
/es/products/cleto-reyes-3-piece-sparring-set-lime-green-8oz-16oz-gloves-headguard-groinguard,/es/products/cleto-reyes-lime-green-sparring-bundle-6oz-16oz
/fr/products/cleto-reyes-3-piece-sparring-set-lime-green-8oz-16oz-gloves-headguard-groinguard,/fr/products/cleto-reyes-lime-green-sparring-bundle-6oz-16oz
/it/products/cleto-reyes-3-piece-sparring-set-lime-green-8oz-16oz-gloves-headguard-groinguard,/it/products/cleto-reyes-lime-green-sparring-bundle-6oz-16oz
/de/products/cleto-reyes-3-piece-sparring-set-classic-black-8oz-16oz-gloves-headguard-groinguard,/de/products/cleto-reyes-classic-black-sparring-package-6oz-16oz
/es/products/cleto-reyes-3-piece-sparring-set-classic-black-8oz-16oz-gloves-headguard-groinguard,/es/products/cleto-reyes-classic-black-sparring-package-6oz-16oz
/fr/products/cleto-reyes-3-piece-sparring-set-classic-black-8oz-16oz-gloves-headguard-groinguard,/fr/products/cleto-reyes-classic-black-sparring-package-6oz-16oz
/it/products/cleto-reyes-3-piece-sparring-set-classic-black-8oz-16oz-gloves-headguard-groinguard,/it/products/cleto-reyes-classic-black-sparring-package-6oz-16oz
/de/products/cleto-reyes-3-piece-sparring-set-classic-white-8oz-16oz-gloves-headguard-groinguard,/de/products/cleto-reyes-classic-white-fight-set-6oz-16oz
/es/products/cleto-reyes-3-piece-sparring-set-classic-white-8oz-16oz-gloves-headguard-groinguard,/es/products/cleto-reyes-classic-white-fight-set-6oz-16oz
/fr/products/cleto-reyes-3-piece-sparring-set-classic-white-8oz-16oz-gloves-headguard-groinguard,/fr/products/cleto-reyes-classic-white-fight-set-6oz-16oz
/it/products/cleto-reyes-3-piece-sparring-set-classic-white-8oz-16oz-gloves-headguard-groinguard,/it/products/cleto-reyes-classic-white-fight-set-6oz-16oz
/de/collections/leather-boxing-gloves-lace-up-hook-and-loop,/de/collections/no-boxing-no-life-boxing-gloves
/es/collections/leather-boxing-gloves-lace-up-hook-and-loop,/es/collections/no-boxing-no-life-boxing-gloves
/fr/collections/leather-boxing-gloves-lace-up-hook-and-loop,/fr/collections/no-boxing-no-life-boxing-gloves
/it/collections/leather-boxing-gloves-lace-up-hook-and-loop,/it/collections/no-boxing-no-life-boxing-gloves
/de/products/mexican-flag-bear-boxing-gloves-black-gold,/de/products/flag-bear-boxing-gloves-black-gold
/es/products/mexican-flag-bear-boxing-gloves-black-gold,/es/products/flag-bear-boxing-gloves-black-gold
/fr/products/mexican-flag-bear-boxing-gloves-black-gold,/fr/products/flag-bear-boxing-gloves-black-gold
/it/products/mexican-flag-bear-boxing-gloves-black-gold,/it/products/flag-bear-boxing-gloves-black-gold
/de/products/cleto-reyes-3-piece-sparring-set-mexican-yellow-8oz-16oz,/de/products/cleto-reyes-3-piece-sparring-set-bright-yellow
/es/products/cleto-reyes-3-piece-sparring-set-mexican-yellow-8oz-16oz,/es/products/cleto-reyes-3-piece-sparring-set-bright-yellow
/fr/products/cleto-reyes-3-piece-sparring-set-mexican-yellow-8oz-16oz,/fr/products/cleto-reyes-3-piece-sparring-set-bright-yellow
/it/products/cleto-reyes-3-piece-sparring-set-mexican-yellow-8oz-16oz,/it/products/cleto-reyes-3-piece-sparring-set-bright-yellow
/de/products/army-green-leather-boxing-gloves-velcro-closure-premium-training-sparring-gloves-8oz-20oz,/de/collections/boxing-gloves
/es/products/army-green-leather-boxing-gloves-velcro-closure-premium-training-sparring-gloves-8oz-20oz,/es/collections/boxing-gloves
/fr/products/army-green-leather-boxing-gloves-velcro-closure-premium-training-sparring-gloves-8oz-20oz,/fr/collections/boxing-gloves
/it/products/army-green-leather-boxing-gloves-velcro-closure-premium-training-sparring-gloves-8oz-20oz,/it/collections/boxing-gloves
/de/products/winning-custom-hook-and-loop-training-boxing-gloves-sky-blue,/de/collections/winning-boxing-gloves
/es/products/winning-custom-hook-and-loop-training-boxing-gloves-sky-blue,/es/collections/winning-boxing-gloves
/fr/products/winning-custom-hook-and-loop-training-boxing-gloves-sky-blue,/fr/collections/winning-boxing-gloves
/it/products/winning-custom-hook-and-loop-training-boxing-gloves-sky-blue,/it/collections/winning-boxing-gloves
/de/products/winning-professional-boxing-training-set-custom-metallic-green-silver-split-edition,/de/products/winning-3-piece-boxing-sparring-set-metallic-green-8oz-16oz
/es/products/winning-professional-boxing-training-set-custom-metallic-green-silver-split-edition,/es/products/winning-3-piece-boxing-sparring-set-metallic-green-8oz-16oz
/fr/products/winning-professional-boxing-training-set-custom-metallic-green-silver-split-edition,/fr/products/winning-3-piece-boxing-sparring-set-metallic-green-8oz-16oz
/it/products/winning-professional-boxing-training-set-custom-metallic-green-silver-split-edition,/it/products/winning-3-piece-boxing-sparring-set-metallic-green-8oz-16oz
/de/products/winning-black-training-set-lace-up-boxing-gloves-16oz-headgear-groin-protector-premium-japan-made-gear,/de/products/winning-3-piece-boxing-sparring-set-classic-black-8oz-16oz
/es/products/winning-black-training-set-lace-up-boxing-gloves-16oz-headgear-groin-protector-premium-japan-made-gear,/es/products/winning-3-piece-boxing-sparring-set-classic-black-8oz-16oz
/fr/products/winning-black-training-set-lace-up-boxing-gloves-16oz-headgear-groin-protector-premium-japan-made-gear,/fr/products/winning-3-piece-boxing-sparring-set-classic-black-8oz-16oz
/it/products/winning-black-training-set-lace-up-boxing-gloves-16oz-headgear-groin-protector-premium-japan-made-gear,/it/products/winning-3-piece-boxing-sparring-set-classic-black-8oz-16oz
/de/products/no-boxing-no-life-professional-lace-up-gloves-white-red,/de/products/no-boxing-no-life-boxing-gloves-red-white
/es/products/no-boxing-no-life-professional-lace-up-gloves-white-red,/es/products/no-boxing-no-life-boxing-gloves-red-white
/fr/products/no-boxing-no-life-professional-lace-up-gloves-white-red,/fr/products/no-boxing-no-life-boxing-gloves-red-white
/it/products/no-boxing-no-life-professional-lace-up-gloves-white-red,/it/products/no-boxing-no-life-boxing-gloves-red-white
/de/products/no-boxing-no-life-professional-lace-up-gloves-red-camo-black,/de/collections/no-boxing-no-life-boxing-gloves
/es/products/no-boxing-no-life-professional-lace-up-gloves-red-camo-black,/es/collections/no-boxing-no-life-boxing-gloves
/fr/products/no-boxing-no-life-professional-lace-up-gloves-red-camo-black,/fr/collections/no-boxing-no-life-boxing-gloves
/it/products/no-boxing-no-life-professional-lace-up-gloves-red-camo-black,/it/collections/no-boxing-no-life-boxing-gloves
/de/products/winning-fg-2900-headgear-blue-japanese-boxing-head-guard-with-full-face-protection,/de/products/winning-fg5000-boxing-headgear-royal-blue
/es/products/winning-fg-2900-headgear-blue-japanese-boxing-head-guard-with-full-face-protection,/es/products/winning-fg5000-boxing-headgear-royal-blue
/fr/products/winning-fg-2900-headgear-blue-japanese-boxing-head-guard-with-full-face-protection,/fr/products/winning-fg5000-boxing-headgear-royal-blue
/it/products/winning-fg-2900-headgear-blue-japanese-boxing-head-guard-with-full-face-protection,/it/products/winning-fg5000-boxing-headgear-royal-blue
/de/products/winning-boxing-set-blue-pro-fight-gloves-fg-5000-headgear-groin-protector,/de/products/winning-3-piece-boxing-sparring-set-classic-blue-8oz-16oz
/es/products/winning-boxing-set-blue-pro-fight-gloves-fg-5000-headgear-groin-protector,/es/products/winning-3-piece-boxing-sparring-set-classic-blue-8oz-16oz
/fr/products/winning-boxing-set-blue-pro-fight-gloves-fg-5000-headgear-groin-protector,/fr/products/winning-3-piece-boxing-sparring-set-classic-blue-8oz-16oz
/it/products/winning-boxing-set-blue-pro-fight-gloves-fg-5000-headgear-groin-protector,/it/products/winning-3-piece-boxing-sparring-set-classic-blue-8oz-16oz
/de/products/winning-ms600-custom-black-gold-16oz-gloves,/de/collections/winning-boxing-gloves
/es/products/winning-ms600-custom-black-gold-16oz-gloves,/es/collections/winning-boxing-gloves
/fr/products/winning-ms600-custom-black-gold-16oz-gloves,/fr/collections/winning-boxing-gloves
/it/products/winning-ms600-custom-black-gold-16oz-gloves,/it/collections/winning-boxing-gloves
/de/products/custom-boxing-gloves-order-punchpro-boxing,/de/collections/boxing-gloves
/es/products/custom-boxing-gloves-order-punchpro-boxing,/es/collections/boxing-gloves
/fr/products/custom-boxing-gloves-order-punchpro-boxing,/fr/collections/boxing-gloves
/it/products/custom-boxing-gloves-order-punchpro-boxing,/it/collections/boxing-gloves
/de/products/custom-boxing-sparring-set-order-order-punchpro-boxing,/de/collections/boxing-sets
/es/products/custom-boxing-sparring-set-order-order-punchpro-boxing,/es/collections/boxing-sets
/fr/products/custom-boxing-sparring-set-order-order-punchpro-boxing,/fr/collections/boxing-sets
/it/products/custom-boxing-sparring-set-order-order-punchpro-boxing,/it/collections/boxing-sets
/de/products/nike-hyperko-boxing-shoes-black-red,/de/products/nike-hyperko-1-boxing-boots-black-red-us6-12
/es/products/nike-hyperko-boxing-shoes-black-red,/es/products/nike-hyperko-1-boxing-boots-black-red-us6-12
/fr/products/nike-hyperko-boxing-shoes-black-red,/fr/products/nike-hyperko-1-boxing-boots-black-red-us6-12
/it/products/nike-hyperko-boxing-shoes-black-red,/it/products/nike-hyperko-1-boxing-boots-black-red-us6-12
/de/products/nike-machomai-2-boxing-shoes-black-white,/de/collections/boxing-shoes
/es/products/nike-machomai-2-boxing-shoes-black-white,/es/collections/boxing-shoes
/fr/products/nike-machomai-2-boxing-shoes-black-white,/fr/collections/boxing-shoes
/it/products/nike-machomai-2-boxing-shoes-black-white,/it/collections/boxing-shoes
/de/products/nike-machomai-2-boxing-shoes-royal-blue-white,/de/collections/boxing-shoes
/es/products/nike-machomai-2-boxing-shoes-royal-blue-white,/es/collections/boxing-shoes
/fr/products/nike-machomai-2-boxing-shoes-royal-blue-white,/fr/collections/boxing-shoes
/it/products/nike-machomai-2-boxing-shoes-royal-blue-white,/it/collections/boxing-shoes
/de/products/nike-hyperko-2-boxing-shoes-royal-blue,/de/products/nike-hyperko-2-boxing-shoes-royal-blue-us6-12
/es/products/nike-hyperko-2-boxing-shoes-royal-blue,/es/products/nike-hyperko-2-boxing-shoes-royal-blue-us6-12
/fr/products/nike-hyperko-2-boxing-shoes-royal-blue,/fr/products/nike-hyperko-2-boxing-shoes-royal-blue-us6-12
/it/products/nike-hyperko-2-boxing-shoes-royal-blue,/it/products/nike-hyperko-2-boxing-shoes-royal-blue-us6-12
/de/products/winning-rs-100-high-cut-boxing-shoes-black,/de/products/winning-rs100-boxing-boots-black-us6-12
/es/products/winning-rs-100-high-cut-boxing-shoes-black,/es/products/winning-rs100-boxing-boots-black-us6-12
/fr/products/winning-rs-100-high-cut-boxing-shoes-black,/fr/products/winning-rs100-boxing-boots-black-us6-12
/it/products/winning-rs-100-high-cut-boxing-shoes-black,/it/products/winning-rs100-boxing-boots-black-us6-12
/de/products/cleto-reyes-3-piece-sparring-set-pure-silver-set-8oz-16oz,/de/products/cleto-reyes-3-piece-sparring-set-pure-silver-8oz-16oz
/es/products/cleto-reyes-3-piece-sparring-set-pure-silver-set-8oz-16oz,/es/products/cleto-reyes-3-piece-sparring-set-pure-silver-8oz-16oz
/fr/products/cleto-reyes-3-piece-sparring-set-pure-silver-set-8oz-16oz,/fr/products/cleto-reyes-3-piece-sparring-set-pure-silver-8oz-16oz
/it/products/cleto-reyes-3-piece-sparring-set-pure-silver-set-8oz-16oz,/it/products/cleto-reyes-3-piece-sparring-set-pure-silver-8oz-16oz
/de/products/cleto-reyes-3-piece-sparring-set-slate-gray-set-8oz-16oz,/de/products/cleto-reyes-slate-gray-sparring-kit-6oz-16oz
/es/products/cleto-reyes-3-piece-sparring-set-slate-gray-set-8oz-16oz,/es/products/cleto-reyes-slate-gray-sparring-kit-6oz-16oz
/fr/products/cleto-reyes-3-piece-sparring-set-slate-gray-set-8oz-16oz,/fr/products/cleto-reyes-slate-gray-sparring-kit-6oz-16oz
/it/products/cleto-reyes-3-piece-sparring-set-slate-gray-set-8oz-16oz,/it/products/cleto-reyes-slate-gray-sparring-kit-6oz-16oz
/de/products/cleto-reyes-metallic-green-gold-boxing-gloves-8oz-16oz-hook-and-loop-training-gloves,/de/products/cleto-reyes-metallic-green-gold-boxing-gloves-8oz-16oz
/es/products/cleto-reyes-metallic-green-gold-boxing-gloves-8oz-16oz-hook-and-loop-training-gloves,/es/products/cleto-reyes-metallic-green-gold-boxing-gloves-8oz-16oz
/fr/products/cleto-reyes-metallic-green-gold-boxing-gloves-8oz-16oz-hook-and-loop-training-gloves,/fr/products/cleto-reyes-metallic-green-gold-boxing-gloves-8oz-16oz
/it/products/cleto-reyes-metallic-green-gold-boxing-gloves-8oz-16oz-hook-and-loop-training-gloves,/it/products/cleto-reyes-metallic-green-gold-boxing-gloves-8oz-16oz
/de/products/cleto-reyes-3-piece-sparring-set-classic-black-8oz-16oz,/de/products/cleto-reyes-classic-black-sparring-package-6oz-16oz
/es/products/cleto-reyes-3-piece-sparring-set-classic-black-8oz-16oz,/es/products/cleto-reyes-classic-black-sparring-package-6oz-16oz
/fr/products/cleto-reyes-3-piece-sparring-set-classic-black-8oz-16oz,/fr/products/cleto-reyes-classic-black-sparring-package-6oz-16oz
/it/products/cleto-reyes-3-piece-sparring-set-classic-black-8oz-16oz,/it/products/cleto-reyes-classic-black-sparring-package-6oz-16oz
/de/products/cleto-reyes-3-piece-sparring-set-lime-green-8oz-16oz,/de/products/cleto-reyes-lime-green-sparring-bundle-6oz-16oz
/es/products/cleto-reyes-3-piece-sparring-set-lime-green-8oz-16oz,/es/products/cleto-reyes-lime-green-sparring-bundle-6oz-16oz
/fr/products/cleto-reyes-3-piece-sparring-set-lime-green-8oz-16oz,/fr/products/cleto-reyes-lime-green-sparring-bundle-6oz-16oz
/it/products/cleto-reyes-3-piece-sparring-set-lime-green-8oz-16oz,/it/products/cleto-reyes-lime-green-sparring-bundle-6oz-16oz
/de/products/cleto-reyes-3-piece-sparring-set-classic-white-8oz-16oz,/de/products/cleto-reyes-classic-white-fight-set-6oz-16oz
/es/products/cleto-reyes-3-piece-sparring-set-classic-white-8oz-16oz,/es/products/cleto-reyes-classic-white-fight-set-6oz-16oz
/fr/products/cleto-reyes-3-piece-sparring-set-classic-white-8oz-16oz,/fr/products/cleto-reyes-classic-white-fight-set-6oz-16oz
/it/products/cleto-reyes-3-piece-sparring-set-classic-white-8oz-16oz,/it/products/cleto-reyes-classic-white-fight-set-6oz-16oz
/de/products/cleto-reyes-3-piece-sparring-set-royal-purple-8oz-16oz,/de/products/cleto-reyes-royal-purple-boxing-kit-6oz-16oz
/es/products/cleto-reyes-3-piece-sparring-set-royal-purple-8oz-16oz,/es/products/cleto-reyes-royal-purple-boxing-kit-6oz-16oz
/fr/products/cleto-reyes-3-piece-sparring-set-royal-purple-8oz-16oz,/fr/products/cleto-reyes-royal-purple-boxing-kit-6oz-16oz
/it/products/cleto-reyes-3-piece-sparring-set-royal-purple-8oz-16oz,/it/products/cleto-reyes-royal-purple-boxing-kit-6oz-16oz
/de/products/cleto-reyes-3-piece-sparring-set-slate-gray-8oz-16oz,/de/products/cleto-reyes-slate-gray-sparring-kit-6oz-16oz
/es/products/cleto-reyes-3-piece-sparring-set-slate-gray-8oz-16oz,/es/products/cleto-reyes-slate-gray-sparring-kit-6oz-16oz
/fr/products/cleto-reyes-3-piece-sparring-set-slate-gray-8oz-16oz,/fr/products/cleto-reyes-slate-gray-sparring-kit-6oz-16oz
/it/products/cleto-reyes-3-piece-sparring-set-slate-gray-8oz-16oz,/it/products/cleto-reyes-slate-gray-sparring-kit-6oz-16oz
/de/products/cleto-reyes-gold-metallic-lace-up-boxing-gloves-8oz-16oz,/de/products/cleto-reyes-gold-metallic-boxing-gloves-8oz-16oz
/es/products/cleto-reyes-gold-metallic-lace-up-boxing-gloves-8oz-16oz,/es/products/cleto-reyes-gold-metallic-boxing-gloves-8oz-16oz
/fr/products/cleto-reyes-gold-metallic-lace-up-boxing-gloves-8oz-16oz,/fr/products/cleto-reyes-gold-metallic-boxing-gloves-8oz-16oz
/it/products/cleto-reyes-gold-metallic-lace-up-boxing-gloves-8oz-16oz,/it/products/cleto-reyes-gold-metallic-boxing-gloves-8oz-16oz
